trial_count,graph,condition,trial_score,total_score
0,1,2,10,-20
1,1,2,20,-10
2,1,2,0,-30
3,1,2,20,-10
4,1,2,10,-20
5,1,2,10,-20
6,1,2,10,-20
7,1,2,15,-15
8,1,2,20,-10
9,1,2,25,-5
10,1,2,10,-20
11,1,2,20,-10
12,1,2,25,-5
13,1,2,5,-25
14,1,2,15,-15
15,1,2,10,-20
16,1,2,20,-10
17,1,2,15,-15
18,1,2,10,-20
19,1,2,15,-15
20,1,2,15,-15
21,1,2,5,-25
22,1,2,15,-15
23,1,2,5,-25
24,1,2,25,-5
25,1,2,20,-10
26,1,2,5,-25
27,1,2,15,-15
28,1,2,10,-20
29,1,2,20,-10
30,1,2,25,-5
31,1,2,20,-10
32,1,2,5,-25
33,1,2,15,-15
34,1,2,15,-15
35,1,2,25,-5
36,1,2,5,-25
37,1,2,15,-15
38,1,2,10,-20
39,1,2,20,-10
40,1,2,10,-20
41,1,2,35,5
42,1,2,25,-5
43,1,2,5,-25
44,1,2,20,-10
45,1,2,15,-15
46,1,2,5,-25
47,1,2,25,-5
48,1,2,5,-25
49,1,2,15,-15
50,1,2,30,0
51,1,2,5,-25
52,1,2,20,-10
53,1,2,20,-10
54,1,2,25,-5
55,1,2,20,-10
56,1,2,20,-10
57,1,2,20,-10
58,1,2,15,-15
59,1,2,25,-5
60,1,2,40,10
61,1,2,20,-10
62,1,2,30,0
63,1,2,10,-20
64,1,2,35,5
65,1,2,40,10
66,1,2,20,-10
67,1,2,0,-30
68,1,2,25,-5
69,1,2,15,-15
70,1,2,20,-10
71,1,2,30,0
72,1,2,5,-25
73,1,2,20,-10
74,1,2,10,-20
75,1,2,25,-5
76,1,2,15,-15
77,1,2,10,-20
78,1,2,15,-15
79,1,2,5,-25
80,1,2,20,-10
81,1,2,20,-10
82,1,2,30,0
83,1,2,10,-20
84,1,2,20,-10
85,1,2,20,-10
86,1,2,15,-15
87,1,2,10,-20
88,1,2,20,-10
89,1,2,10,-20
90,1,2,20,-10
91,1,2,15,-15
92,1,2,20,-10
93,1,2,25,-5
94,1,2,10,-20
95,1,2,15,-15
96,1,2,20,-10
97,1,2,15,-15
98,1,2,20,-10
99,1,2,25,-5
100,1,2,20,-10
101,1,2,5,-25
102,1,2,10,-20
103,1,2,10,-20
104,1,2,30,0
105,1,2,15,-15
106,1,2,15,-15
107,1,2,10,-20
108,1,2,15,-15
109,1,2,20,-10
110,1,2,10,-20
111,1,2,10,-20
112,1,2,25,-5
113,1,2,5,-25
114,1,2,15,-15
115,1,2,15,-15
116,1,2,20,-10
117,1,2,20,-10
118,1,2,5,-25
119,1,2,15,-15
120,1,2,25,-5
121,1,2,45,15
122,1,2,5,-25
123,1,2,25,-5
124,1,2,15,-15
125,1,2,20,-10
126,1,2,5,-25
127,1,2,15,-15
128,1,2,10,-20
129,1,2,20,-10
130,1,2,25,-5
131,1,2,25,-5
132,1,2,5,-25
133,1,2,5,-25
134,1,2,15,-15
135,1,2,10,-20
136,1,2,5,-25
137,1,2,20,-10
138,1,2,25,-5
139,1,2,30,0
140,1,2,20,-10
141,1,2,15,-15
142,1,2,15,-15
143,1,2,20,-10
144,1,2,30,0
145,1,2,25,-5
146,1,2,30,0
147,1,2,20,-10
148,1,2,20,-10
149,1,2,10,-20
150,1,2,25,-5
151,1,2,15,-15
152,1,2,15,-15
153,1,2,10,-20
154,1,2,5,-25
155,1,2,0,-30
156,1,2,40,10
157,1,2,30,0
158,1,2,25,-5
159,1,2,15,-15
160,1,2,15,-15
161,1,2,5,-25
162,1,2,0,-30
163,1,2,5,-25
164,1,2,10,-20
165,1,2,30,0
166,1,2,15,-15
167,1,2,25,-5
168,1,2,10,-20
169,1,2,20,-10
170,1,2,20,-10
171,1,2,10,-20
172,1,2,25,-5
173,1,2,30,0
174,1,2,15,-15
175,1,2,20,-10
176,1,2,20,-10
177,1,2,10,-20
178,1,2,10,-20
179,1,2,5,-25
180,1,2,15,-15
181,1,2,10,-20
182,1,2,10,-20
183,1,2,5,-25
184,1,2,15,-15
185,1,2,20,-10
186,1,2,25,-5
187,1,2,10,-20
188,1,2,15,-15
189,1,2,10,-20
190,1,2,15,-15
191,1,2,10,-20
192,1,2,20,-10
193,1,2,30,0
194,1,2,20,-10
195,1,2,30,0
196,1,2,30,0
197,1,2,30,0
198,1,2,20,-10
199,1,2,10,-20
200,1,2,20,-10
201,1,2,25,-5
202,1,2,15,-15
203,1,2,5,-25
204,1,2,15,-15
205,1,2,25,-5
206,1,2,0,-30
207,1,2,25,-5
208,1,2,20,-10
209,1,2,20,-10
210,1,2,40,10
211,1,2,20,-10
212,1,2,15,-15
213,1,2,25,-5
214,1,2,30,0
215,1,2,20,-10
216,1,2,0,-30
217,1,2,20,-10
218,1,2,15,-15
219,1,2,15,-15
220,1,2,10,-20
221,1,2,5,-25
222,1,2,25,-5
223,1,2,30,0
224,1,2,15,-15
225,1,2,25,-5
226,1,2,10,-20
227,1,2,5,-25
228,1,2,20,-10
229,1,2,10,-20
230,1,2,25,-5
231,1,2,20,-10
232,1,2,15,-15
233,1,2,5,-25
234,1,2,10,-20
235,1,2,20,-10
236,1,2,15,-15
237,1,2,25,-5
238,1,2,35,5
239,1,2,30,0
240,1,2,10,-20
241,1,2,15,-15
242,1,2,15,-15
243,1,2,25,-5
244,1,2,20,-10
245,1,2,35,5
246,1,2,5,-25
247,1,2,10,-20
248,1,2,15,-15
249,1,2,20,-10
250,1,2,10,-20
251,1,2,30,0
252,1,2,10,-20
253,1,2,5,-25
254,1,2,10,-20
255,1,2,20,-10
256,1,2,5,-25
257,1,2,5,-25
258,1,2,25,-5
259,1,2,30,0
260,1,2,5,-25
261,1,2,10,-20
262,1,2,20,-10
263,1,2,10,-20
264,1,2,10,-20
265,1,2,10,-20
266,1,2,20,-10
267,1,2,5,-25
268,1,2,0,-30
269,1,2,25,-5
270,1,2,15,-15
271,1,2,20,-10
272,1,2,10,-20
273,1,2,10,-20
274,1,2,10,-20
275,1,2,10,-20
276,1,2,50,20
277,1,2,10,-20
278,1,2,10,-20
279,1,2,15,-15
280,1,2,5,-25
281,1,2,5,-25
282,1,2,5,-25
283,1,2,45,15
284,1,2,10,-20
285,1,2,20,-10
286,1,2,25,-5
287,1,2,20,-10
288,1,2,15,-15
289,1,2,20,-10
290,1,2,5,-25
291,1,2,15,-15
292,1,2,15,-15
293,1,2,5,-25
294,1,2,15,-15
295,1,2,15,-15
296,1,2,20,-10
297,1,2,5,-25
298,1,2,20,-10
299,1,2,35,5
300,1,2,15,-15
301,1,2,5,-25
302,1,2,10,-20
303,1,2,15,-15
304,1,2,5,-25
305,1,2,5,-25
306,1,2,5,-25
307,1,2,40,10
308,1,2,25,-5
309,1,2,15,-15
310,1,2,30,0
311,1,2,15,-15
312,1,2,20,-10
313,1,2,15,-15
314,1,2,25,-5
315,1,2,10,-20
316,1,2,10,-20
317,1,2,15,-15
318,1,2,5,-25
319,1,2,10,-20
320,1,2,10,-20
321,1,2,0,-30
322,1,2,20,-10
323,1,2,15,-15
324,1,2,5,-25
325,1,2,5,-25
326,1,2,15,-15
327,1,2,25,-5
328,1,2,10,-20
329,1,2,15,-15
330,1,2,20,-10
331,1,2,20,-10
332,1,2,15,-15
333,1,2,15,-15
334,1,2,5,-25
335,1,2,20,-10
336,1,2,20,-10
337,1,2,15,-15
338,1,2,20,-10
339,1,2,0,-30
340,1,2,5,-25
341,1,2,15,-15
342,1,2,20,-10
343,1,2,20,-10
344,1,2,20,-10
345,1,2,10,-20
346,1,2,0,-30
347,1,2,15,-15
348,1,2,25,-5
349,1,2,25,-5
350,1,2,5,-25
351,1,2,5,-25
352,1,2,0,-30
353,1,2,20,-10
354,1,2,45,15
355,1,2,10,-20
356,1,2,15,-15
357,1,2,15,-15
358,1,2,10,-20
359,1,2,10,-20
360,1,2,0,-30
361,1,2,15,-15
362,1,2,35,5
363,1,2,10,-20
364,1,2,20,-10
365,1,2,15,-15
366,1,2,35,5
367,1,2,20,-10
368,1,2,15,-15
369,1,2,0,-30
370,1,2,10,-20
371,1,2,25,-5
372,1,2,15,-15
373,1,2,15,-15
374,1,2,15,-15
375,1,2,5,-25
376,1,2,15,-15
377,1,2,10,-20
378,1,2,20,-10
379,1,2,40,10
380,1,2,5,-25
381,1,2,20,-10
382,1,2,20,-10
383,1,2,25,-5
384,1,2,10,-20
385,1,2,10,-20
386,1,2,20,-10
387,1,2,15,-15
388,1,2,10,-20
389,1,2,20,-10
390,1,2,15,-15
391,1,2,15,-15
392,1,2,25,-5
393,1,2,15,-15
394,1,2,25,-5
395,1,2,10,-20
396,1,2,10,-20
397,1,2,15,-15
398,1,2,0,-30
399,1,2,10,-20
400,1,2,20,-10
401,1,2,15,-15
402,1,2,25,-5
403,1,2,20,-10
404,1,2,30,0
405,1,2,20,-10
406,1,2,15,-15
407,1,2,15,-15
408,1,2,20,-10
409,1,2,15,-15
410,1,2,25,-5
411,1,2,25,-5
412,1,2,5,-25
413,1,2,20,-10
414,1,2,25,-5
415,1,2,5,-25
416,1,2,15,-15
417,1,2,10,-20
418,1,2,20,-10
419,1,2,15,-15
420,1,2,25,-5
421,1,2,15,-15
422,1,2,10,-20
423,1,2,10,-20
424,1,2,10,-20
425,1,2,10,-20
426,1,2,30,0
427,1,2,10,-20
428,1,2,20,-10
429,1,2,25,-5
430,1,2,25,-5
431,1,2,15,-15
432,1,2,10,-20
433,1,2,10,-20
434,1,2,5,-25
435,1,2,20,-10
436,1,2,15,-15
437,1,2,20,-10
438,1,2,30,0
439,1,2,15,-15
440,1,2,0,-30
441,1,2,5,-25
442,1,2,25,-5
443,1,2,15,-15
444,1,2,10,-20
445,1,2,5,-25
446,1,2,5,-25
447,1,2,30,0
448,1,2,15,-15
449,1,2,25,-5
450,1,2,15,-15
451,1,2,10,-20
452,1,2,15,-15
453,1,2,20,-10
454,1,2,5,-25
455,1,2,15,-15
456,1,2,15,-15
457,1,2,20,-10
458,1,2,15,-15
459,1,2,25,-5
460,1,2,15,-15
461,1,2,15,-15
462,1,2,15,-15
463,1,2,10,-20
464,1,2,5,-25
465,1,2,30,0
466,1,2,20,-10
467,1,2,10,-20
468,1,2,5,-25
469,1,2,10,-20
470,1,2,10,-20
471,1,2,20,-10
472,1,2,5,-25
473,1,2,5,-25
474,1,2,5,-25
475,1,2,5,-25
476,1,2,30,0
477,1,2,15,-15
478,1,2,10,-20
479,1,2,10,-20
480,1,2,25,-5
481,1,2,10,-20
482,1,2,25,-5
483,1,2,20,-10
484,1,2,25,-5
485,1,2,25,-5
486,1,2,15,-15
487,1,2,25,-5
488,1,2,10,-20
489,1,2,20,-10
490,1,2,5,-25
491,1,2,15,-15
492,1,2,15,-15
493,1,2,25,-5
494,1,2,30,0
495,1,2,10,-20
496,1,2,10,-20
497,1,2,20,-10
498,1,2,5,-25
499,1,2,15,-15
500,1,2,10,-20
501,1,2,15,-15
502,1,2,35,5
503,1,2,15,-15
504,1,2,15,-15
505,1,2,25,-5
506,1,2,35,5
507,1,2,20,-10
508,1,2,10,-20
509,1,2,20,-10
510,1,2,15,-15
511,1,2,15,-15
512,1,2,25,-5
513,1,2,15,-15
514,1,2,10,-20
515,1,2,15,-15
516,1,2,15,-15
517,1,2,5,-25
518,1,2,5,-25
519,1,2,30,0
520,1,2,5,-25
521,1,2,15,-15
522,1,2,10,-20
523,1,2,15,-15
524,1,2,30,0
525,1,2,20,-10
526,1,2,5,-25
527,1,2,10,-20
528,1,2,20,-10
529,1,2,20,-10
530,1,2,15,-15
531,1,2,20,-10
532,1,2,0,-30
533,1,2,5,-25
534,1,2,30,0
535,1,2,25,-5
536,1,2,5,-25
537,1,2,30,0
538,1,2,10,-20
539,1,2,10,-20
540,1,2,20,-10
541,1,2,10,-20
542,1,2,5,-25
543,1,2,10,-20
544,1,2,10,-20
545,1,2,20,-10
546,1,2,10,-20
547,1,2,15,-15
548,1,2,5,-25
549,1,2,15,-15
550,1,2,15,-15
551,1,2,15,-15
552,1,2,30,0
553,1,2,20,-10
554,1,2,5,-25
555,1,2,10,-20
556,1,2,25,-5
557,1,2,15,-15
558,1,2,40,10
559,1,2,5,-25
560,1,2,35,5
561,1,2,15,-15
562,1,2,25,-5
563,1,2,5,-25
564,1,2,5,-25
565,1,2,35,5
566,1,2,5,-25
567,1,2,15,-15
568,1,2,35,5
569,1,2,20,-10
570,1,2,15,-15
571,1,2,5,-25
572,1,2,10,-20
573,1,2,15,-15
574,1,2,20,-10
575,1,2,10,-20
576,1,2,25,-5
577,1,2,25,-5
578,1,2,35,5
579,1,2,5,-25
580,1,2,10,-20
581,1,2,40,10
582,1,2,15,-15
583,1,2,15,-15
584,1,2,10,-20
585,1,2,10,-20
586,1,2,25,-5
587,1,2,30,0
588,1,2,15,-15
589,1,2,35,5
590,1,2,30,0
591,1,2,15,-15
592,1,2,20,-10
593,1,2,10,-20
594,1,2,15,-15
595,1,2,30,0
596,1,2,20,-10
597,1,2,15,-15
598,1,2,15,-15
599,1,2,10,-20
600,1,2,10,-20
601,1,2,5,-25
602,1,2,5,-25
603,1,2,15,-15
604,1,2,15,-15
605,1,2,25,-5
606,1,2,15,-15
607,1,2,10,-20
608,1,2,15,-15
609,1,2,5,-25
610,1,2,30,0
611,1,2,25,-5
612,1,2,0,-30
613,1,2,10,-20
614,1,2,25,-5
615,1,2,40,10
616,1,2,40,10
617,1,2,20,-10
618,1,2,15,-15
619,1,2,5,-25
620,1,2,5,-25
621,1,2,10,-20
622,1,2,15,-15
623,1,2,10,-20
624,1,2,20,-10
625,1,2,10,-20
626,1,2,20,-10
627,1,2,5,-25
628,1,2,20,-10
629,1,2,35,5
630,1,2,20,-10
631,1,2,15,-15
632,1,2,20,-10
633,1,2,10,-20
634,1,2,15,-15
635,1,2,20,-10
636,1,2,15,-15
637,1,2,35,5
638,1,2,25,-5
639,1,2,35,5
640,1,2,25,-5
641,1,2,15,-15
642,1,2,20,-10
643,1,2,10,-20
644,1,2,25,-5
645,1,2,10,-20
646,1,2,10,-20
647,1,2,35,5
648,1,2,10,-20
649,1,2,10,-20
650,1,2,25,-5
651,1,2,15,-15
652,1,2,25,-5
653,1,2,20,-10
654,1,2,15,-15
655,1,2,10,-20
656,1,2,25,-5
657,1,2,20,-10
658,1,2,20,-10
659,1,2,15,-15
660,1,2,20,-10
661,1,2,0,-30
662,1,2,15,-15
663,1,2,20,-10
664,1,2,5,-25
665,1,2,40,10
666,1,2,10,-20
667,1,2,20,-10
668,1,2,25,-5
669,1,2,25,-5
670,1,2,5,-25
671,1,2,15,-15
672,1,2,25,-5
673,1,2,5,-25
674,1,2,25,-5
675,1,2,20,-10
676,1,2,15,-15
677,1,2,25,-5
678,1,2,5,-25
679,1,2,15,-15
680,1,2,30,0
681,1,2,30,0
682,1,2,30,0
683,1,2,20,-10
684,1,2,15,-15
685,1,2,15,-15
686,1,2,25,-5
687,1,2,30,0
688,1,2,20,-10
689,1,2,20,-10
690,1,2,20,-10
691,1,2,10,-20
692,1,2,5,-25
693,1,2,35,5
694,1,2,20,-10
695,1,2,5,-25
696,1,2,20,-10
697,1,2,25,-5
698,1,2,25,-5
699,1,2,15,-15
700,1,2,15,-15
701,1,2,20,-10
702,1,2,15,-15
703,1,2,25,-5
704,1,2,15,-15
705,1,2,5,-25
706,1,2,20,-10
707,1,2,20,-10
708,1,2,30,0
709,1,2,20,-10
710,1,2,30,0
711,1,2,20,-10
712,1,2,15,-15
713,1,2,5,-25
714,1,2,15,-15
715,1,2,25,-5
716,1,2,20,-10
717,1,2,10,-20
718,1,2,20,-10
719,1,2,25,-5
720,1,2,20,-10
721,1,2,15,-15
722,1,2,20,-10
723,1,2,10,-20
724,1,2,5,-25
725,1,2,25,-5
726,1,2,30,0
727,1,2,10,-20
728,1,2,5,-25
729,1,2,15,-15
730,1,2,30,0
731,1,2,35,5
732,1,2,25,-5
733,1,2,15,-15
734,1,2,20,-10
735,1,2,15,-15
736,1,2,20,-10
737,1,2,30,0
738,1,2,15,-15
739,1,2,15,-15
740,1,2,10,-20
741,1,2,25,-5
742,1,2,10,-20
743,1,2,25,-5
744,1,2,15,-15
745,1,2,20,-10
746,1,2,20,-10
747,1,2,5,-25
748,1,2,20,-10
749,1,2,25,-5
750,1,2,5,-25
751,1,2,30,0
752,1,2,25,-5
753,1,2,35,5
754,1,2,15,-15
755,1,2,25,-5
756,1,2,35,5
757,1,2,20,-10
758,1,2,20,-10
759,1,2,25,-5
760,1,2,25,-5
761,1,2,40,10
762,1,2,10,-20
763,1,2,30,0
764,1,2,5,-25
765,1,2,15,-15
766,1,2,25,-5
767,1,2,10,-20
768,1,2,20,-10
769,1,2,15,-15
770,1,2,15,-15
771,1,2,15,-15
772,1,2,0,-30
773,1,2,30,0
774,1,2,5,-25
775,1,2,5,-25
776,1,2,5,-25
777,1,2,10,-20
778,1,2,5,-25
779,1,2,35,5
780,1,2,5,-25
781,1,2,10,-20
782,1,2,20,-10
783,1,2,20,-10
784,1,2,25,-5
785,1,2,0,-30
786,1,2,30,0
787,1,2,15,-15
788,1,2,15,-15
789,1,2,20,-10
790,1,2,25,-5
791,1,2,5,-25
792,1,2,10,-20
793,1,2,15,-15
794,1,2,20,-10
795,1,2,20,-10
796,1,2,10,-20
797,1,2,10,-20
798,1,2,15,-15
799,1,2,15,-15
800,1,2,0,-30
801,1,2,20,-10
802,1,2,25,-5
803,1,2,25,-5
804,1,2,15,-15
805,1,2,40,10
806,1,2,10,-20
807,1,2,10,-20
808,1,2,25,-5
809,1,2,15,-15
810,1,2,20,-10
811,1,2,10,-20
812,1,2,20,-10
813,1,2,25,-5
814,1,2,15,-15
815,1,2,10,-20
816,1,2,10,-20
817,1,2,15,-15
818,1,2,25,-5
819,1,2,35,5
820,1,2,10,-20
821,1,2,10,-20
822,1,2,5,-25
823,1,2,15,-15
824,1,2,5,-25
825,1,2,10,-20
826,1,2,10,-20
827,1,2,40,10
828,1,2,15,-15
829,1,2,25,-5
830,1,2,25,-5
831,1,2,10,-20
832,1,2,25,-5
833,1,2,50,20
834,1,2,15,-15
835,1,2,10,-20
836,1,2,15,-15
837,1,2,20,-10
838,1,2,10,-20
839,1,2,15,-15
840,1,2,25,-5
841,1,2,25,-5
842,1,2,0,-30
843,1,2,20,-10
844,1,2,35,5
845,1,2,25,-5
846,1,2,10,-20
847,1,2,15,-15
848,1,2,10,-20
849,1,2,5,-25
850,1,2,35,5
851,1,2,20,-10
852,1,2,15,-15
853,1,2,15,-15
854,1,2,20,-10
855,1,2,15,-15
856,1,2,20,-10
857,1,2,10,-20
858,1,2,10,-20
859,1,2,10,-20
860,1,2,15,-15
861,1,2,10,-20
862,1,2,15,-15
863,1,2,15,-15
864,1,2,35,5
865,1,2,15,-15
866,1,2,10,-20
867,1,2,15,-15
868,1,2,10,-20
869,1,2,5,-25
870,1,2,20,-10
871,1,2,10,-20
872,1,2,25,-5
873,1,2,10,-20
874,1,2,10,-20
875,1,2,5,-25
876,1,2,10,-20
877,1,2,15,-15
878,1,2,25,-5
879,1,2,10,-20
880,1,2,10,-20
881,1,2,20,-10
882,1,2,25,-5
883,1,2,25,-5
884,1,2,20,-10
885,1,2,20,-10
886,1,2,20,-10
887,1,2,30,0
888,1,2,10,-20
889,1,2,25,-5
890,1,2,5,-25
891,1,2,35,5
892,1,2,15,-15
893,1,2,15,-15
894,1,2,10,-20
895,1,2,25,-5
896,1,2,20,-10
897,1,2,15,-15
898,1,2,25,-5
899,1,2,15,-15
900,1,2,20,-10
901,1,2,30,0
902,1,2,40,10
903,1,2,15,-15
904,1,2,10,-20
905,1,2,10,-20
906,1,2,10,-20
907,1,2,15,-15
908,1,2,20,-10
909,1,2,25,-5
910,1,2,15,-15
911,1,2,15,-15
912,1,2,10,-20
913,1,2,15,-15
914,1,2,25,-5
915,1,2,10,-20
916,1,2,10,-20
917,1,2,25,-5
918,1,2,15,-15
919,1,2,40,10
920,1,2,20,-10
921,1,2,15,-15
922,1,2,20,-10
923,1,2,10,-20
924,1,2,15,-15
925,1,2,10,-20
926,1,2,20,-10
927,1,2,15,-15
928,1,2,5,-25
929,1,2,15,-15
930,1,2,5,-25
931,1,2,10,-20
932,1,2,20,-10
933,1,2,20,-10
934,1,2,5,-25
935,1,2,25,-5
936,1,2,10,-20
937,1,2,10,-20
938,1,2,15,-15
939,1,2,5,-25
940,1,2,25,-5
941,1,2,30,0
942,1,2,5,-25
943,1,2,15,-15
944,1,2,20,-10
945,1,2,25,-5
946,1,2,10,-20
947,1,2,15,-15
948,1,2,20,-10
949,1,2,25,-5
950,1,2,25,-5
951,1,2,20,-10
952,1,2,20,-10
953,1,2,15,-15
954,1,2,15,-15
955,1,2,25,-5
956,1,2,35,5
957,1,2,10,-20
958,1,2,10,-20
959,1,2,5,-25
960,1,2,15,-15
961,1,2,25,-5
962,1,2,5,-25
963,1,2,20,-10
964,1,2,25,-5
965,1,2,15,-15
966,1,2,15,-15
967,1,2,45,15
968,1,2,20,-10
969,1,2,20,-10
970,1,2,20,-10
971,1,2,25,-5
972,1,2,25,-5
973,1,2,15,-15
974,1,2,10,-20
975,1,2,25,-5
976,1,2,20,-10
977,1,2,20,-10
978,1,2,25,-5
979,1,2,20,-10
980,1,2,15,-15
981,1,2,20,-10
982,1,2,10,-20
983,1,2,10,-20
984,1,2,25,-5
985,1,2,20,-10
986,1,2,5,-25
987,1,2,0,-30
988,1,2,10,-20
989,1,2,15,-15
990,1,2,15,-15
991,1,2,30,0
992,1,2,25,-5
993,1,2,5,-25
994,1,2,15,-15
995,1,2,10,-20
996,1,2,25,-5
997,1,2,30,0
998,1,2,30,0
999,1,2,25,-5
0,3,2,30,0
1,3,2,20,-10
2,3,2,5,-25
3,3,2,20,-10
4,3,2,20,-10
5,3,2,15,-15
6,3,2,10,-20
7,3,2,35,5
8,3,2,25,-5
9,3,2,20,-10
10,3,2,20,-10
11,3,2,15,-15
12,3,2,15,-15
13,3,2,20,-10
14,3,2,30,0
15,3,2,25,-5
16,3,2,15,-15
17,3,2,0,-30
18,3,2,20,-10
19,3,2,20,-10
20,3,2,25,-5
21,3,2,20,-10
22,3,2,5,-25
23,3,2,5,-25
24,3,2,15,-15
25,3,2,10,-20
26,3,2,10,-20
27,3,2,20,-10
28,3,2,15,-15
29,3,2,15,-15
30,3,2,20,-10
31,3,2,15,-15
32,3,2,5,-25
33,3,2,30,0
34,3,2,30,0
35,3,2,20,-10
36,3,2,5,-25
37,3,2,15,-15
38,3,2,5,-25
39,3,2,20,-10
40,3,2,5,-25
41,3,2,5,-25
42,3,2,5,-25
43,3,2,25,-5
44,3,2,10,-20
45,3,2,15,-15
46,3,2,5,-25
47,3,2,10,-20
48,3,2,5,-25
49,3,2,30,0
50,3,2,15,-15
51,3,2,30,0
52,3,2,20,-10
53,3,2,10,-20
54,3,2,10,-20
55,3,2,15,-15
56,3,2,20,-10
57,3,2,20,-10
58,3,2,0,-30
59,3,2,15,-15
60,3,2,25,-5
61,3,2,30,0
62,3,2,25,-5
63,3,2,0,-30
64,3,2,20,-10
65,3,2,5,-25
66,3,2,10,-20
67,3,2,15,-15
68,3,2,15,-15
69,3,2,10,-20
70,3,2,15,-15
71,3,2,15,-15
72,3,2,5,-25
73,3,2,15,-15
74,3,2,15,-15
75,3,2,15,-15
76,3,2,40,10
77,3,2,15,-15
78,3,2,15,-15
79,3,2,5,-25
80,3,2,5,-25
81,3,2,25,-5
82,3,2,5,-25
83,3,2,35,5
84,3,2,20,-10
85,3,2,15,-15
86,3,2,30,0
87,3,2,10,-20
88,3,2,5,-25
89,3,2,15,-15
90,3,2,25,-5
91,3,2,20,-10
92,3,2,25,-5
93,3,2,25,-5
94,3,2,10,-20
95,3,2,0,-30
96,3,2,10,-20
97,3,2,0,-30
98,3,2,25,-5
99,3,2,15,-15
100,3,2,25,-5
101,3,2,5,-25
102,3,2,10,-20
103,3,2,10,-20
104,3,2,25,-5
105,3,2,15,-15
106,3,2,10,-20
107,3,2,20,-10
108,3,2,15,-15
109,3,2,20,-10
110,3,2,5,-25
111,3,2,25,-5
112,3,2,20,-10
113,3,2,10,-20
114,3,2,35,5
115,3,2,15,-15
116,3,2,35,5
117,3,2,25,-5
118,3,2,10,-20
119,3,2,15,-15
120,3,2,20,-10
121,3,2,15,-15
122,3,2,15,-15
123,3,2,20,-10
124,3,2,25,-5
125,3,2,15,-15
126,3,2,15,-15
127,3,2,5,-25
128,3,2,10,-20
129,3,2,5,-25
130,3,2,10,-20
131,3,2,5,-25
132,3,2,5,-25
133,3,2,20,-10
134,3,2,25,-5
135,3,2,10,-20
136,3,2,25,-5
137,3,2,5,-25
138,3,2,15,-15
139,3,2,20,-10
140,3,2,10,-20
141,3,2,25,-5
142,3,2,10,-20
143,3,2,40,10
144,3,2,15,-15
145,3,2,20,-10
146,3,2,20,-10
147,3,2,0,-30
148,3,2,10,-20
149,3,2,15,-15
150,3,2,25,-5
151,3,2,10,-20
152,3,2,5,-25
153,3,2,15,-15
154,3,2,15,-15
155,3,2,5,-25
156,3,2,15,-15
157,3,2,10,-20
158,3,2,20,-10
159,3,2,25,-5
160,3,2,15,-15
161,3,2,10,-20
162,3,2,15,-15
163,3,2,20,-10
164,3,2,20,-10
165,3,2,25,-5
166,3,2,5,-25
167,3,2,15,-15
168,3,2,10,-20
169,3,2,10,-20
170,3,2,0,-30
171,3,2,10,-20
172,3,2,20,-10
173,3,2,10,-20
174,3,2,10,-20
175,3,2,10,-20
176,3,2,20,-10
177,3,2,15,-15
178,3,2,20,-10
179,3,2,20,-10
180,3,2,15,-15
181,3,2,10,-20
182,3,2,15,-15
183,3,2,10,-20
184,3,2,15,-15
185,3,2,15,-15
186,3,2,30,0
187,3,2,15,-15
188,3,2,15,-15
189,3,2,10,-20
190,3,2,10,-20
191,3,2,5,-25
192,3,2,15,-15
193,3,2,25,-5
194,3,2,0,-30
195,3,2,5,-25
196,3,2,10,-20
197,3,2,30,0
198,3,2,30,0
199,3,2,20,-10
200,3,2,5,-25
201,3,2,5,-25
202,3,2,25,-5
203,3,2,25,-5
204,3,2,25,-5
205,3,2,20,-10
206,3,2,15,-15
207,3,2,25,-5
208,3,2,15,-15
209,3,2,15,-15
210,3,2,10,-20
211,3,2,0,-30
212,3,2,15,-15
213,3,2,20,-10
214,3,2,35,5
215,3,2,20,-10
216,3,2,20,-10
217,3,2,10,-20
218,3,2,20,-10
219,3,2,20,-10
220,3,2,10,-20
221,3,2,20,-10
222,3,2,15,-15
223,3,2,25,-5
224,3,2,25,-5
225,3,2,20,-10
226,3,2,0,-30
227,3,2,0,-30
228,3,2,5,-25
229,3,2,10,-20
230,3,2,10,-20
231,3,2,10,-20
232,3,2,10,-20
233,3,2,20,-10
234,3,2,10,-20
235,3,2,5,-25
236,3,2,20,-10
237,3,2,5,-25
238,3,2,15,-15
239,3,2,0,-30
240,3,2,15,-15
241,3,2,10,-20
242,3,2,10,-20
243,3,2,10,-20
244,3,2,5,-25
245,3,2,15,-15
246,3,2,5,-25
247,3,2,5,-25
248,3,2,15,-15
249,3,2,35,5
250,3,2,10,-20
251,3,2,5,-25
252,3,2,20,-10
253,3,2,10,-20
254,3,2,10,-20
255,3,2,0,-30
256,3,2,40,10
257,3,2,10,-20
258,3,2,15,-15
259,3,2,25,-5
260,3,2,10,-20
261,3,2,5,-25
262,3,2,5,-25
263,3,2,10,-20
264,3,2,5,-25
265,3,2,10,-20
266,3,2,15,-15
267,3,2,15,-15
268,3,2,10,-20
269,3,2,10,-20
270,3,2,5,-25
271,3,2,10,-20
272,3,2,20,-10
273,3,2,15,-15
274,3,2,0,-30
275,3,2,0,-30
276,3,2,0,-30
277,3,2,5,-25
278,3,2,20,-10
279,3,2,20,-10
280,3,2,20,-10
281,3,2,10,-20
282,3,2,0,-30
283,3,2,15,-15
284,3,2,5,-25
285,3,2,20,-10
286,3,2,5,-25
287,3,2,5,-25
288,3,2,5,-25
289,3,2,15,-15
290,3,2,5,-25
291,3,2,5,-25
292,3,2,20,-10
293,3,2,5,-25
294,3,2,10,-20
295,3,2,25,-5
296,3,2,10,-20
297,3,2,25,-5
298,3,2,10,-20
299,3,2,10,-20
300,3,2,5,-25
301,3,2,10,-20
302,3,2,30,0
303,3,2,5,-25
304,3,2,0,-30
305,3,2,20,-10
306,3,2,20,-10
307,3,2,15,-15
308,3,2,20,-10
309,3,2,20,-10
310,3,2,10,-20
311,3,2,5,-25
312,3,2,30,0
313,3,2,15,-15
314,3,2,25,-5
315,3,2,20,-10
316,3,2,35,5
317,3,2,10,-20
318,3,2,10,-20
319,3,2,15,-15
320,3,2,10,-20
321,3,2,5,-25
322,3,2,20,-10
323,3,2,20,-10
324,3,2,5,-25
325,3,2,15,-15
326,3,2,15,-15
327,3,2,5,-25
328,3,2,5,-25
329,3,2,15,-15
330,3,2,30,0
331,3,2,20,-10
332,3,2,20,-10
333,3,2,25,-5
334,3,2,15,-15
335,3,2,25,-5
336,3,2,25,-5
337,3,2,15,-15
338,3,2,15,-15
339,3,2,15,-15
340,3,2,5,-25
341,3,2,20,-10
342,3,2,10,-20
343,3,2,35,5
344,3,2,25,-5
345,3,2,30,0
346,3,2,15,-15
347,3,2,15,-15
348,3,2,0,-30
349,3,2,25,-5
350,3,2,30,0
351,3,2,30,0
352,3,2,30,0
353,3,2,10,-20
354,3,2,5,-25
355,3,2,5,-25
356,3,2,10,-20
357,3,2,0,-30
358,3,2,15,-15
359,3,2,10,-20
360,3,2,45,15
361,3,2,25,-5
362,3,2,5,-25
363,3,2,15,-15
364,3,2,10,-20
365,3,2,15,-15
366,3,2,30,0
367,3,2,25,-5
368,3,2,20,-10
369,3,2,30,0
370,3,2,25,-5
371,3,2,25,-5
372,3,2,5,-25
373,3,2,0,-30
374,3,2,10,-20
375,3,2,20,-10
376,3,2,30,0
377,3,2,10,-20
378,3,2,15,-15
379,3,2,5,-25
380,3,2,15,-15
381,3,2,15,-15
382,3,2,10,-20
383,3,2,15,-15
384,3,2,10,-20
385,3,2,5,-25
386,3,2,30,0
387,3,2,10,-20
388,3,2,10,-20
389,3,2,10,-20
390,3,2,10,-20
391,3,2,10,-20
392,3,2,0,-30
393,3,2,15,-15
394,3,2,10,-20
395,3,2,15,-15
396,3,2,10,-20
397,3,2,15,-15
398,3,2,0,-30
399,3,2,10,-20
400,3,2,15,-15
401,3,2,20,-10
402,3,2,5,-25
403,3,2,10,-20
404,3,2,20,-10
405,3,2,10,-20
406,3,2,10,-20
407,3,2,10,-20
408,3,2,10,-20
409,3,2,15,-15
410,3,2,15,-15
411,3,2,5,-25
412,3,2,0,-30
413,3,2,20,-10
414,3,2,0,-30
415,3,2,15,-15
416,3,2,15,-15
417,3,2,5,-25
418,3,2,10,-20
419,3,2,5,-25
420,3,2,20,-10
421,3,2,5,-25
422,3,2,25,-5
423,3,2,20,-10
424,3,2,5,-25
425,3,2,20,-10
426,3,2,5,-25
427,3,2,15,-15
428,3,2,10,-20
429,3,2,0,-30
430,3,2,15,-15
431,3,2,5,-25
432,3,2,35,5
433,3,2,15,-15
434,3,2,10,-20
435,3,2,10,-20
436,3,2,10,-20
437,3,2,20,-10
438,3,2,15,-15
439,3,2,10,-20
440,3,2,20,-10
441,3,2,25,-5
442,3,2,5,-25
443,3,2,15,-15
444,3,2,10,-20
445,3,2,5,-25
446,3,2,25,-5
447,3,2,15,-15
448,3,2,10,-20
449,3,2,10,-20
450,3,2,15,-15
451,3,2,20,-10
452,3,2,5,-25
453,3,2,20,-10
454,3,2,10,-20
455,3,2,10,-20
456,3,2,10,-20
457,3,2,10,-20
458,3,2,25,-5
459,3,2,20,-10
460,3,2,5,-25
461,3,2,15,-15
462,3,2,0,-30
463,3,2,35,5
464,3,2,20,-10
465,3,2,5,-25
466,3,2,30,0
467,3,2,10,-20
468,3,2,0,-30
469,3,2,10,-20
470,3,2,0,-30
471,3,2,15,-15
472,3,2,20,-10
473,3,2,10,-20
474,3,2,20,-10
475,3,2,10,-20
476,3,2,25,-5
477,3,2,5,-25
478,3,2,15,-15
479,3,2,15,-15
480,3,2,10,-20
481,3,2,5,-25
482,3,2,10,-20
483,3,2,20,-10
484,3,2,15,-15
485,3,2,20,-10
486,3,2,15,-15
487,3,2,20,-10
488,3,2,10,-20
489,3,2,20,-10
490,3,2,20,-10
491,3,2,15,-15
492,3,2,10,-20
493,3,2,10,-20
494,3,2,30,0
495,3,2,15,-15
496,3,2,5,-25
497,3,2,15,-15
498,3,2,10,-20
499,3,2,10,-20
500,3,2,25,-5
501,3,2,20,-10
502,3,2,25,-5
503,3,2,15,-15
504,3,2,25,-5
505,3,2,10,-20
506,3,2,10,-20
507,3,2,10,-20
508,3,2,15,-15
509,3,2,5,-25
510,3,2,30,0
511,3,2,30,0
512,3,2,20,-10
513,3,2,15,-15
514,3,2,5,-25
515,3,2,0,-30
516,3,2,20,-10
517,3,2,10,-20
518,3,2,10,-20
519,3,2,15,-15
520,3,2,10,-20
521,3,2,10,-20
522,3,2,5,-25
523,3,2,20,-10
524,3,2,10,-20
525,3,2,15,-15
526,3,2,15,-15
527,3,2,10,-20
528,3,2,10,-20
529,3,2,30,0
530,3,2,5,-25
531,3,2,10,-20
532,3,2,5,-25
533,3,2,5,-25
534,3,2,20,-10
535,3,2,15,-15
536,3,2,10,-20
537,3,2,15,-15
538,3,2,25,-5
539,3,2,10,-20
540,3,2,15,-15
541,3,2,20,-10
542,3,2,10,-20
543,3,2,15,-15
544,3,2,20,-10
545,3,2,15,-15
546,3,2,15,-15
547,3,2,10,-20
548,3,2,25,-5
549,3,2,5,-25
550,3,2,5,-25
551,3,2,20,-10
552,3,2,15,-15
553,3,2,10,-20
554,3,2,15,-15
555,3,2,5,-25
556,3,2,10,-20
557,3,2,15,-15
558,3,2,15,-15
559,3,2,10,-20
560,3,2,15,-15
561,3,2,20,-10
562,3,2,20,-10
563,3,2,25,-5
564,3,2,5,-25
565,3,2,15,-15
566,3,2,20,-10
567,3,2,25,-5
568,3,2,15,-15
569,3,2,10,-20
570,3,2,15,-15
571,3,2,10,-20
572,3,2,15,-15
573,3,2,5,-25
574,3,2,10,-20
575,3,2,10,-20
576,3,2,20,-10
577,3,2,15,-15
578,3,2,5,-25
579,3,2,10,-20
580,3,2,15,-15
581,3,2,35,5
582,3,2,5,-25
583,3,2,10,-20
584,3,2,5,-25
585,3,2,15,-15
586,3,2,5,-25
587,3,2,20,-10
588,3,2,25,-5
589,3,2,10,-20
590,3,2,15,-15
591,3,2,10,-20
592,3,2,35,5
593,3,2,5,-25
594,3,2,25,-5
595,3,2,10,-20
596,3,2,5,-25
597,3,2,25,-5
598,3,2,10,-20
599,3,2,0,-30
600,3,2,20,-10
601,3,2,35,5
602,3,2,15,-15
603,3,2,15,-15
604,3,2,30,0
605,3,2,15,-15
606,3,2,10,-20
607,3,2,5,-25
608,3,2,25,-5
609,3,2,15,-15
610,3,2,20,-10
611,3,2,20,-10
612,3,2,25,-5
613,3,2,20,-10
614,3,2,5,-25
615,3,2,25,-5
616,3,2,20,-10
617,3,2,15,-15
618,3,2,30,0
619,3,2,15,-15
620,3,2,15,-15
621,3,2,5,-25
622,3,2,10,-20
623,3,2,5,-25
624,3,2,15,-15
625,3,2,15,-15
626,3,2,15,-15
627,3,2,10,-20
628,3,2,15,-15
629,3,2,20,-10
630,3,2,30,0
631,3,2,20,-10
632,3,2,20,-10
633,3,2,30,0
634,3,2,25,-5
635,3,2,35,5
636,3,2,5,-25
637,3,2,5,-25
638,3,2,20,-10
639,3,2,10,-20
640,3,2,20,-10
641,3,2,20,-10
642,3,2,15,-15
643,3,2,20,-10
644,3,2,5,-25
645,3,2,25,-5
646,3,2,5,-25
647,3,2,5,-25
648,3,2,10,-20
649,3,2,35,5
650,3,2,25,-5
651,3,2,15,-15
652,3,2,10,-20
653,3,2,5,-25
654,3,2,10,-20
655,3,2,20,-10
656,3,2,20,-10
657,3,2,0,-30
658,3,2,15,-15
659,3,2,20,-10
660,3,2,10,-20
661,3,2,15,-15
662,3,2,15,-15
663,3,2,0,-30
664,3,2,20,-10
665,3,2,35,5
666,3,2,20,-10
667,3,2,25,-5
668,3,2,20,-10
669,3,2,20,-10
670,3,2,15,-15
671,3,2,15,-15
672,3,2,15,-15
673,3,2,15,-15
674,3,2,10,-20
675,3,2,10,-20
676,3,2,10,-20
677,3,2,15,-15
678,3,2,20,-10
679,3,2,20,-10
680,3,2,20,-10
681,3,2,10,-20
682,3,2,15,-15
683,3,2,30,0
684,3,2,15,-15
685,3,2,35,5
686,3,2,15,-15
687,3,2,10,-20
688,3,2,5,-25
689,3,2,10,-20
690,3,2,10,-20
691,3,2,30,0
692,3,2,30,0
693,3,2,10,-20
694,3,2,15,-15
695,3,2,10,-20
696,3,2,15,-15
697,3,2,20,-10
698,3,2,10,-20
699,3,2,10,-20
700,3,2,15,-15
701,3,2,25,-5
702,3,2,0,-30
703,3,2,15,-15
704,3,2,20,-10
705,3,2,10,-20
706,3,2,10,-20
707,3,2,5,-25
708,3,2,5,-25
709,3,2,15,-15
710,3,2,25,-5
711,3,2,20,-10
712,3,2,15,-15
713,3,2,10,-20
714,3,2,30,0
715,3,2,15,-15
716,3,2,20,-10
717,3,2,10,-20
718,3,2,40,10
719,3,2,10,-20
720,3,2,5,-25
721,3,2,5,-25
722,3,2,10,-20
723,3,2,10,-20
724,3,2,5,-25
725,3,2,20,-10
726,3,2,0,-30
727,3,2,15,-15
728,3,2,15,-15
729,3,2,15,-15
730,3,2,10,-20
731,3,2,10,-20
732,3,2,20,-10
733,3,2,15,-15
734,3,2,30,0
735,3,2,25,-5
736,3,2,5,-25
737,3,2,15,-15
738,3,2,15,-15
739,3,2,5,-25
740,3,2,20,-10
741,3,2,10,-20
742,3,2,20,-10
743,3,2,15,-15
744,3,2,40,10
745,3,2,20,-10
746,3,2,25,-5
747,3,2,15,-15
748,3,2,15,-15
749,3,2,5,-25
750,3,2,30,0
751,3,2,15,-15
752,3,2,5,-25
753,3,2,5,-25
754,3,2,10,-20
755,3,2,10,-20
756,3,2,20,-10
757,3,2,15,-15
758,3,2,10,-20
759,3,2,5,-25
760,3,2,5,-25
761,3,2,5,-25
762,3,2,10,-20
763,3,2,25,-5
764,3,2,30,0
765,3,2,45,15
766,3,2,10,-20
767,3,2,10,-20
768,3,2,10,-20
769,3,2,10,-20
770,3,2,10,-20
771,3,2,15,-15
772,3,2,5,-25
773,3,2,10,-20
774,3,2,25,-5
775,3,2,5,-25
776,3,2,25,-5
777,3,2,25,-5
778,3,2,35,5
779,3,2,15,-15
780,3,2,15,-15
781,3,2,20,-10
782,3,2,20,-10
783,3,2,20,-10
784,3,2,15,-15
785,3,2,20,-10
786,3,2,20,-10
787,3,2,35,5
788,3,2,10,-20
789,3,2,5,-25
790,3,2,10,-20
791,3,2,10,-20
792,3,2,5,-25
793,3,2,5,-25
794,3,2,35,5
795,3,2,15,-15
796,3,2,15,-15
797,3,2,10,-20
798,3,2,20,-10
799,3,2,10,-20
800,3,2,15,-15
801,3,2,20,-10
802,3,2,5,-25
803,3,2,25,-5
804,3,2,25,-5
805,3,2,15,-15
806,3,2,0,-30
807,3,2,20,-10
808,3,2,15,-15
809,3,2,20,-10
810,3,2,5,-25
811,3,2,5,-25
812,3,2,0,-30
813,3,2,20,-10
814,3,2,15,-15
815,3,2,15,-15
816,3,2,10,-20
817,3,2,5,-25
818,3,2,0,-30
819,3,2,10,-20
820,3,2,15,-15
821,3,2,10,-20
822,3,2,5,-25
823,3,2,5,-25
824,3,2,15,-15
825,3,2,5,-25
826,3,2,30,0
827,3,2,30,0
828,3,2,10,-20
829,3,2,20,-10
830,3,2,0,-30
831,3,2,30,0
832,3,2,5,-25
833,3,2,15,-15
834,3,2,15,-15
835,3,2,20,-10
836,3,2,10,-20
837,3,2,15,-15
838,3,2,15,-15
839,3,2,25,-5
840,3,2,15,-15
841,3,2,20,-10
842,3,2,10,-20
843,3,2,20,-10
844,3,2,15,-15
845,3,2,15,-15
846,3,2,5,-25
847,3,2,10,-20
848,3,2,10,-20
849,3,2,35,5
850,3,2,20,-10
851,3,2,10,-20
852,3,2,5,-25
853,3,2,10,-20
854,3,2,10,-20
855,3,2,15,-15
856,3,2,15,-15
857,3,2,15,-15
858,3,2,10,-20
859,3,2,5,-25
860,3,2,20,-10
861,3,2,15,-15
862,3,2,20,-10
863,3,2,25,-5
864,3,2,20,-10
865,3,2,20,-10
866,3,2,15,-15
867,3,2,10,-20
868,3,2,15,-15
869,3,2,20,-10
870,3,2,20,-10
871,3,2,10,-20
872,3,2,15,-15
873,3,2,30,0
874,3,2,15,-15
875,3,2,15,-15
876,3,2,10,-20
877,3,2,20,-10
878,3,2,10,-20
879,3,2,10,-20
880,3,2,30,0
881,3,2,5,-25
882,3,2,10,-20
883,3,2,20,-10
884,3,2,5,-25
885,3,2,20,-10
886,3,2,0,-30
887,3,2,35,5
888,3,2,20,-10
889,3,2,20,-10
890,3,2,20,-10
891,3,2,10,-20
892,3,2,15,-15
893,3,2,0,-30
894,3,2,25,-5
895,3,2,10,-20
896,3,2,20,-10
897,3,2,10,-20
898,3,2,5,-25
899,3,2,10,-20
900,3,2,25,-5
901,3,2,20,-10
902,3,2,10,-20
903,3,2,5,-25
904,3,2,5,-25
905,3,2,10,-20
906,3,2,5,-25
907,3,2,25,-5
908,3,2,10,-20
909,3,2,40,10
910,3,2,25,-5
911,3,2,20,-10
912,3,2,20,-10
913,3,2,5,-25
914,3,2,30,0
915,3,2,5,-25
916,3,2,0,-30
917,3,2,5,-25
918,3,2,20,-10
919,3,2,25,-5
920,3,2,5,-25
921,3,2,20,-10
922,3,2,10,-20
923,3,2,10,-20
924,3,2,15,-15
925,3,2,10,-20
926,3,2,5,-25
927,3,2,0,-30
928,3,2,25,-5
929,3,2,10,-20
930,3,2,15,-15
931,3,2,15,-15
932,3,2,10,-20
933,3,2,5,-25
934,3,2,25,-5
935,3,2,5,-25
936,3,2,20,-10
937,3,2,10,-20
938,3,2,10,-20
939,3,2,10,-20
940,3,2,10,-20
941,3,2,10,-20
942,3,2,10,-20
943,3,2,15,-15
944,3,2,20,-10
945,3,2,15,-15
946,3,2,15,-15
947,3,2,0,-30
948,3,2,25,-5
949,3,2,10,-20
950,3,2,15,-15
951,3,2,10,-20
952,3,2,5,-25
953,3,2,30,0
954,3,2,10,-20
955,3,2,15,-15
956,3,2,15,-15
957,3,2,30,0
958,3,2,20,-10
959,3,2,15,-15
960,3,2,0,-30
961,3,2,10,-20
962,3,2,15,-15
963,3,2,35,5
964,3,2,15,-15
965,3,2,15,-15
966,3,2,15,-15
967,3,2,20,-10
968,3,2,5,-25
969,3,2,10,-20
970,3,2,20,-10
971,3,2,20,-10
972,3,2,5,-25
973,3,2,25,-5
974,3,2,20,-10
975,3,2,10,-20
976,3,2,0,-30
977,3,2,25,-5
978,3,2,15,-15
979,3,2,20,-10
980,3,2,10,-20
981,3,2,15,-15
982,3,2,10,-20
983,3,2,5,-25
984,3,2,10,-20
985,3,2,10,-20
986,3,2,5,-25
987,3,2,15,-15
988,3,2,30,0
989,3,2,15,-15
990,3,2,10,-20
991,3,2,10,-20
992,3,2,15,-15
993,3,2,15,-15
994,3,2,5,-25
995,3,2,5,-25
996,3,2,0,-30
997,3,2,10,-20
998,3,2,15,-15
999,3,2,15,-15
0,5,2,30,0
1,5,2,5,-25
2,5,2,20,-10
3,5,2,15,-15
4,5,2,15,-15
5,5,2,25,-5
6,5,2,25,-5
7,5,2,5,-25
8,5,2,10,-20
9,5,2,15,-15
10,5,2,15,-15
11,5,2,10,-20
12,5,2,10,-20
13,5,2,30,0
14,5,2,20,-10
15,5,2,15,-15
16,5,2,10,-20
17,5,2,20,-10
18,5,2,10,-20
19,5,2,20,-10
20,5,2,15,-15
21,5,2,15,-15
22,5,2,20,-10
23,5,2,15,-15
24,5,2,20,-10
25,5,2,5,-25
26,5,2,10,-20
27,5,2,10,-20
28,5,2,0,-30
29,5,2,15,-15
30,5,2,15,-15
31,5,2,25,-5
32,5,2,30,0
33,5,2,30,0
34,5,2,15,-15
35,5,2,20,-10
36,5,2,0,-30
37,5,2,15,-15
38,5,2,0,-30
39,5,2,10,-20
40,5,2,5,-25
41,5,2,20,-10
42,5,2,20,-10
43,5,2,20,-10
44,5,2,10,-20
45,5,2,15,-15
46,5,2,40,10
47,5,2,25,-5
48,5,2,5,-25
49,5,2,15,-15
50,5,2,25,-5
51,5,2,5,-25
52,5,2,25,-5
53,5,2,15,-15
54,5,2,15,-15
55,5,2,25,-5
56,5,2,15,-15
57,5,2,30,0
58,5,2,10,-20
59,5,2,25,-5
60,5,2,30,0
61,5,2,20,-10
62,5,2,25,-5
63,5,2,10,-20
64,5,2,10,-20
65,5,2,20,-10
66,5,2,20,-10
67,5,2,5,-25
68,5,2,15,-15
69,5,2,15,-15
70,5,2,15,-15
71,5,2,15,-15
72,5,2,25,-5
73,5,2,15,-15
74,5,2,15,-15
75,5,2,30,0
76,5,2,10,-20
77,5,2,20,-10
78,5,2,15,-15
79,5,2,25,-5
80,5,2,5,-25
81,5,2,25,-5
82,5,2,20,-10
83,5,2,10,-20
84,5,2,10,-20
85,5,2,15,-15
86,5,2,15,-15
87,5,2,20,-10
88,5,2,5,-25
89,5,2,25,-5
90,5,2,20,-10
91,5,2,15,-15
92,5,2,5,-25
93,5,2,30,0
94,5,2,10,-20
95,5,2,25,-5
96,5,2,25,-5
97,5,2,5,-25
98,5,2,15,-15
99,5,2,10,-20
100,5,2,20,-10
101,5,2,25,-5
102,5,2,20,-10
103,5,2,20,-10
104,5,2,5,-25
105,5,2,25,-5
106,5,2,25,-5
107,5,2,15,-15
108,5,2,25,-5
109,5,2,15,-15
110,5,2,40,10
111,5,2,25,-5
112,5,2,15,-15
113,5,2,25,-5
114,5,2,15,-15
115,5,2,15,-15
116,5,2,35,5
117,5,2,15,-15
118,5,2,10,-20
119,5,2,15,-15
120,5,2,10,-20
121,5,2,15,-15
122,5,2,25,-5
123,5,2,15,-15
124,5,2,15,-15
125,5,2,0,-30
126,5,2,15,-15
127,5,2,10,-20
128,5,2,20,-10
129,5,2,5,-25
130,5,2,15,-15
131,5,2,25,-5
132,5,2,10,-20
133,5,2,5,-25
134,5,2,5,-25
135,5,2,5,-25
136,5,2,20,-10
137,5,2,20,-10
138,5,2,15,-15
139,5,2,15,-15
140,5,2,25,-5
141,5,2,20,-10
142,5,2,15,-15
143,5,2,25,-5
144,5,2,10,-20
145,5,2,35,5
146,5,2,5,-25
147,5,2,10,-20
148,5,2,25,-5
149,5,2,10,-20
150,5,2,15,-15
151,5,2,20,-10
152,5,2,25,-5
153,5,2,15,-15
154,5,2,10,-20
155,5,2,15,-15
156,5,2,20,-10
157,5,2,25,-5
158,5,2,30,0
159,5,2,20,-10
160,5,2,20,-10
161,5,2,10,-20
162,5,2,20,-10
163,5,2,10,-20
164,5,2,10,-20
165,5,2,5,-25
166,5,2,15,-15
167,5,2,15,-15
168,5,2,25,-5
169,5,2,5,-25
170,5,2,15,-15
171,5,2,25,-5
172,5,2,20,-10
173,5,2,25,-5
174,5,2,15,-15
175,5,2,15,-15
176,5,2,15,-15
177,5,2,15,-15
178,5,2,15,-15
179,5,2,20,-10
180,5,2,10,-20
181,5,2,30,0
182,5,2,5,-25
183,5,2,20,-10
184,5,2,20,-10
185,5,2,25,-5
186,5,2,15,-15
187,5,2,35,5
188,5,2,15,-15
189,5,2,20,-10
190,5,2,0,-30
191,5,2,10,-20
192,5,2,20,-10
193,5,2,25,-5
194,5,2,15,-15
195,5,2,30,0
196,5,2,30,0
197,5,2,25,-5
198,5,2,15,-15
199,5,2,20,-10
200,5,2,45,15
201,5,2,15,-15
202,5,2,25,-5
203,5,2,25,-5
204,5,2,15,-15
205,5,2,25,-5
206,5,2,10,-20
207,5,2,40,10
208,5,2,25,-5
209,5,2,15,-15
210,5,2,5,-25
211,5,2,5,-25
212,5,2,20,-10
213,5,2,5,-25
214,5,2,35,5
215,5,2,20,-10
216,5,2,30,0
217,5,2,10,-20
218,5,2,5,-25
219,5,2,15,-15
220,5,2,10,-20
221,5,2,25,-5
222,5,2,15,-15
223,5,2,15,-15
224,5,2,25,-5
225,5,2,15,-15
226,5,2,25,-5
227,5,2,15,-15
228,5,2,25,-5
229,5,2,15,-15
230,5,2,15,-15
231,5,2,5,-25
232,5,2,20,-10
233,5,2,10,-20
234,5,2,5,-25
235,5,2,10,-20
236,5,2,0,-30
237,5,2,10,-20
238,5,2,5,-25
239,5,2,10,-20
240,5,2,15,-15
241,5,2,10,-20
242,5,2,20,-10
243,5,2,10,-20
244,5,2,25,-5
245,5,2,15,-15
246,5,2,15,-15
247,5,2,20,-10
248,5,2,30,0
249,5,2,15,-15
250,5,2,35,5
251,5,2,5,-25
252,5,2,25,-5
253,5,2,15,-15
254,5,2,20,-10
255,5,2,20,-10
256,5,2,20,-10
257,5,2,10,-20
258,5,2,15,-15
259,5,2,5,-25
260,5,2,25,-5
261,5,2,15,-15
262,5,2,15,-15
263,5,2,40,10
264,5,2,10,-20
265,5,2,10,-20
266,5,2,10,-20
267,5,2,15,-15
268,5,2,20,-10
269,5,2,20,-10
270,5,2,15,-15
271,5,2,25,-5
272,5,2,10,-20
273,5,2,25,-5
274,5,2,15,-15
275,5,2,10,-20
276,5,2,15,-15
277,5,2,15,-15
278,5,2,15,-15
279,5,2,30,0
280,5,2,5,-25
281,5,2,0,-30
282,5,2,20,-10
283,5,2,15,-15
284,5,2,15,-15
285,5,2,20,-10
286,5,2,10,-20
287,5,2,10,-20
288,5,2,35,5
289,5,2,30,0
290,5,2,25,-5
291,5,2,15,-15
292,5,2,10,-20
293,5,2,15,-15
294,5,2,10,-20
295,5,2,10,-20
296,5,2,10,-20
297,5,2,20,-10
298,5,2,5,-25
299,5,2,10,-20
300,5,2,10,-20
301,5,2,20,-10
302,5,2,15,-15
303,5,2,10,-20
304,5,2,15,-15
305,5,2,20,-10
306,5,2,10,-20
307,5,2,0,-30
308,5,2,10,-20
309,5,2,15,-15
310,5,2,20,-10
311,5,2,20,-10
312,5,2,20,-10
313,5,2,15,-15
314,5,2,10,-20
315,5,2,30,0
316,5,2,10,-20
317,5,2,15,-15
318,5,2,10,-20
319,5,2,5,-25
320,5,2,30,0
321,5,2,5,-25
322,5,2,20,-10
323,5,2,30,0
324,5,2,20,-10
325,5,2,25,-5
326,5,2,10,-20
327,5,2,10,-20
328,5,2,25,-5
329,5,2,35,5
330,5,2,20,-10
331,5,2,10,-20
332,5,2,40,10
333,5,2,20,-10
334,5,2,20,-10
335,5,2,10,-20
336,5,2,20,-10
337,5,2,10,-20
338,5,2,15,-15
339,5,2,15,-15
340,5,2,5,-25
341,5,2,15,-15
342,5,2,20,-10
343,5,2,15,-15
344,5,2,10,-20
345,5,2,5,-25
346,5,2,15,-15
347,5,2,20,-10
348,5,2,20,-10
349,5,2,0,-30
350,5,2,10,-20
351,5,2,25,-5
352,5,2,15,-15
353,5,2,20,-10
354,5,2,10,-20
355,5,2,5,-25
356,5,2,20,-10
357,5,2,25,-5
358,5,2,45,15
359,5,2,5,-25
360,5,2,20,-10
361,5,2,15,-15
362,5,2,30,0
363,5,2,20,-10
364,5,2,40,10
365,5,2,15,-15
366,5,2,10,-20
367,5,2,15,-15
368,5,2,15,-15
369,5,2,5,-25
370,5,2,15,-15
371,5,2,30,0
372,5,2,15,-15
373,5,2,5,-25
374,5,2,5,-25
375,5,2,0,-30
376,5,2,15,-15
377,5,2,10,-20
378,5,2,25,-5
379,5,2,15,-15
380,5,2,15,-15
381,5,2,10,-20
382,5,2,15,-15
383,5,2,15,-15
384,5,2,15,-15
385,5,2,5,-25
386,5,2,25,-5
387,5,2,10,-20
388,5,2,10,-20
389,5,2,15,-15
390,5,2,10,-20
391,5,2,20,-10
392,5,2,15,-15
393,5,2,20,-10
394,5,2,10,-20
395,5,2,20,-10
396,5,2,20,-10
397,5,2,15,-15
398,5,2,15,-15
399,5,2,10,-20
400,5,2,25,-5
401,5,2,35,5
402,5,2,20,-10
403,5,2,25,-5
404,5,2,30,0
405,5,2,15,-15
406,5,2,5,-25
407,5,2,25,-5
408,5,2,25,-5
409,5,2,10,-20
410,5,2,20,-10
411,5,2,10,-20
412,5,2,20,-10
413,5,2,30,0
414,5,2,30,0
415,5,2,5,-25
416,5,2,5,-25
417,5,2,10,-20
418,5,2,20,-10
419,5,2,20,-10
420,5,2,20,-10
421,5,2,20,-10
422,5,2,15,-15
423,5,2,15,-15
424,5,2,15,-15
425,5,2,30,0
426,5,2,0,-30
427,5,2,15,-15
428,5,2,10,-20
429,5,2,25,-5
430,5,2,20,-10
431,5,2,5,-25
432,5,2,25,-5
433,5,2,10,-20
434,5,2,15,-15
435,5,2,25,-5
436,5,2,20,-10
437,5,2,25,-5
438,5,2,10,-20
439,5,2,25,-5
440,5,2,10,-20
441,5,2,25,-5
442,5,2,15,-15
443,5,2,20,-10
444,5,2,20,-10
445,5,2,5,-25
446,5,2,20,-10
447,5,2,30,0
448,5,2,20,-10
449,5,2,20,-10
450,5,2,10,-20
451,5,2,20,-10
452,5,2,10,-20
453,5,2,10,-20
454,5,2,20,-10
455,5,2,10,-20
456,5,2,25,-5
457,5,2,10,-20
458,5,2,20,-10
459,5,2,10,-20
460,5,2,0,-30
461,5,2,5,-25
462,5,2,10,-20
463,5,2,25,-5
464,5,2,15,-15
465,5,2,20,-10
466,5,2,20,-10
467,5,2,20,-10
468,5,2,20,-10
469,5,2,10,-20
470,5,2,15,-15
471,5,2,25,-5
472,5,2,30,0
473,5,2,25,-5
474,5,2,5,-25
475,5,2,25,-5
476,5,2,20,-10
477,5,2,20,-10
478,5,2,5,-25
479,5,2,15,-15
480,5,2,10,-20
481,5,2,10,-20
482,5,2,5,-25
483,5,2,15,-15
484,5,2,25,-5
485,5,2,20,-10
486,5,2,15,-15
487,5,2,35,5
488,5,2,30,0
489,5,2,15,-15
490,5,2,15,-15
491,5,2,5,-25
492,5,2,10,-20
493,5,2,30,0
494,5,2,15,-15
495,5,2,30,0
496,5,2,20,-10
497,5,2,20,-10
498,5,2,15,-15
499,5,2,30,0
500,5,2,35,5
501,5,2,25,-5
502,5,2,35,5
503,5,2,10,-20
504,5,2,10,-20
505,5,2,10,-20
506,5,2,20,-10
507,5,2,20,-10
508,5,2,0,-30
509,5,2,10,-20
510,5,2,40,10
511,5,2,10,-20
512,5,2,10,-20
513,5,2,15,-15
514,5,2,30,0
515,5,2,20,-10
516,5,2,10,-20
517,5,2,0,-30
518,5,2,20,-10
519,5,2,25,-5
520,5,2,10,-20
521,5,2,15,-15
522,5,2,20,-10
523,5,2,20,-10
524,5,2,25,-5
525,5,2,20,-10
526,5,2,35,5
527,5,2,35,5
528,5,2,20,-10
529,5,2,5,-25
530,5,2,30,0
531,5,2,15,-15
532,5,2,25,-5
533,5,2,10,-20
534,5,2,15,-15
535,5,2,25,-5
536,5,2,10,-20
537,5,2,15,-15
538,5,2,40,10
539,5,2,15,-15
540,5,2,10,-20
541,5,2,20,-10
542,5,2,15,-15
543,5,2,5,-25
544,5,2,15,-15
545,5,2,15,-15
546,5,2,5,-25
547,5,2,15,-15
548,5,2,20,-10
549,5,2,30,0
550,5,2,10,-20
551,5,2,25,-5
552,5,2,30,0
553,5,2,20,-10
554,5,2,30,0
555,5,2,5,-25
556,5,2,30,0
557,5,2,30,0
558,5,2,20,-10
559,5,2,5,-25
560,5,2,25,-5
561,5,2,15,-15
562,5,2,15,-15
563,5,2,10,-20
564,5,2,10,-20
565,5,2,55,25
566,5,2,10,-20
567,5,2,10,-20
568,5,2,15,-15
569,5,2,20,-10
570,5,2,25,-5
571,5,2,20,-10
572,5,2,25,-5
573,5,2,10,-20
574,5,2,45,15
575,5,2,15,-15
576,5,2,15,-15
577,5,2,25,-5
578,5,2,15,-15
579,5,2,15,-15
580,5,2,15,-15
581,5,2,15,-15
582,5,2,10,-20
583,5,2,15,-15
584,5,2,10,-20
585,5,2,5,-25
586,5,2,20,-10
587,5,2,30,0
588,5,2,25,-5
589,5,2,20,-10
590,5,2,30,0
591,5,2,20,-10
592,5,2,5,-25
593,5,2,10,-20
594,5,2,25,-5
595,5,2,10,-20
596,5,2,20,-10
597,5,2,15,-15
598,5,2,10,-20
599,5,2,20,-10
600,5,2,25,-5
601,5,2,20,-10
602,5,2,15,-15
603,5,2,15,-15
604,5,2,15,-15
605,5,2,5,-25
606,5,2,40,10
607,5,2,30,0
608,5,2,20,-10
609,5,2,30,0
610,5,2,5,-25
611,5,2,10,-20
612,5,2,10,-20
613,5,2,5,-25
614,5,2,25,-5
615,5,2,5,-25
616,5,2,25,-5
617,5,2,20,-10
618,5,2,5,-25
619,5,2,20,-10
620,5,2,15,-15
621,5,2,25,-5
622,5,2,10,-20
623,5,2,15,-15
624,5,2,10,-20
625,5,2,5,-25
626,5,2,5,-25
627,5,2,10,-20
628,5,2,10,-20
629,5,2,20,-10
630,5,2,0,-30
631,5,2,20,-10
632,5,2,15,-15
633,5,2,20,-10
634,5,2,20,-10
635,5,2,25,-5
636,5,2,20,-10
637,5,2,10,-20
638,5,2,20,-10
639,5,2,30,0
640,5,2,35,5
641,5,2,5,-25
642,5,2,10,-20
643,5,2,5,-25
644,5,2,20,-10
645,5,2,10,-20
646,5,2,10,-20
647,5,2,25,-5
648,5,2,15,-15
649,5,2,20,-10
650,5,2,5,-25
651,5,2,10,-20
652,5,2,10,-20
653,5,2,10,-20
654,5,2,30,0
655,5,2,35,5
656,5,2,20,-10
657,5,2,20,-10
658,5,2,20,-10
659,5,2,15,-15
660,5,2,25,-5
661,5,2,20,-10
662,5,2,15,-15
663,5,2,25,-5
664,5,2,30,0
665,5,2,15,-15
666,5,2,20,-10
667,5,2,35,5
668,5,2,10,-20
669,5,2,0,-30
670,5,2,20,-10
671,5,2,5,-25
672,5,2,15,-15
673,5,2,25,-5
674,5,2,15,-15
675,5,2,10,-20
676,5,2,20,-10
677,5,2,15,-15
678,5,2,35,5
679,5,2,15,-15
680,5,2,5,-25
681,5,2,30,0
682,5,2,0,-30
683,5,2,15,-15
684,5,2,10,-20
685,5,2,15,-15
686,5,2,20,-10
687,5,2,35,5
688,5,2,30,0
689,5,2,15,-15
690,5,2,10,-20
691,5,2,10,-20
692,5,2,15,-15
693,5,2,35,5
694,5,2,10,-20
695,5,2,15,-15
696,5,2,10,-20
697,5,2,15,-15
698,5,2,30,0
699,5,2,15,-15
700,5,2,30,0
701,5,2,10,-20
702,5,2,25,-5
703,5,2,20,-10
704,5,2,10,-20
705,5,2,15,-15
706,5,2,10,-20
707,5,2,10,-20
708,5,2,10,-20
709,5,2,5,-25
710,5,2,30,0
711,5,2,10,-20
712,5,2,15,-15
713,5,2,10,-20
714,5,2,15,-15
715,5,2,30,0
716,5,2,5,-25
717,5,2,20,-10
718,5,2,20,-10
719,5,2,20,-10
720,5,2,20,-10
721,5,2,10,-20
722,5,2,15,-15
723,5,2,10,-20
724,5,2,20,-10
725,5,2,15,-15
726,5,2,10,-20
727,5,2,10,-20
728,5,2,15,-15
729,5,2,15,-15
730,5,2,15,-15
731,5,2,25,-5
732,5,2,20,-10
733,5,2,0,-30
734,5,2,10,-20
735,5,2,40,10
736,5,2,15,-15
737,5,2,10,-20
738,5,2,0,-30
739,5,2,15,-15
740,5,2,10,-20
741,5,2,35,5
742,5,2,25,-5
743,5,2,10,-20
744,5,2,10,-20
745,5,2,25,-5
746,5,2,10,-20
747,5,2,10,-20
748,5,2,20,-10
749,5,2,10,-20
750,5,2,25,-5
751,5,2,15,-15
752,5,2,20,-10
753,5,2,20,-10
754,5,2,10,-20
755,5,2,5,-25
756,5,2,0,-30
757,5,2,5,-25
758,5,2,5,-25
759,5,2,15,-15
760,5,2,0,-30
761,5,2,25,-5
762,5,2,5,-25
763,5,2,0,-30
764,5,2,25,-5
765,5,2,15,-15
766,5,2,10,-20
767,5,2,25,-5
768,5,2,10,-20
769,5,2,25,-5
770,5,2,15,-15
771,5,2,10,-20
772,5,2,20,-10
773,5,2,5,-25
774,5,2,15,-15
775,5,2,0,-30
776,5,2,15,-15
777,5,2,20,-10
778,5,2,30,0
779,5,2,10,-20
780,5,2,0,-30
781,5,2,10,-20
782,5,2,10,-20
783,5,2,35,5
784,5,2,25,-5
785,5,2,30,0
786,5,2,10,-20
787,5,2,15,-15
788,5,2,5,-25
789,5,2,5,-25
790,5,2,30,0
791,5,2,15,-15
792,5,2,5,-25
793,5,2,25,-5
794,5,2,10,-20
795,5,2,15,-15
796,5,2,5,-25
797,5,2,25,-5
798,5,2,30,0
799,5,2,15,-15
800,5,2,15,-15
801,5,2,20,-10
802,5,2,30,0
803,5,2,15,-15
804,5,2,30,0
805,5,2,15,-15
806,5,2,15,-15
807,5,2,10,-20
808,5,2,10,-20
809,5,2,25,-5
810,5,2,25,-5
811,5,2,20,-10
812,5,2,20,-10
813,5,2,15,-15
814,5,2,15,-15
815,5,2,20,-10
816,5,2,10,-20
817,5,2,10,-20
818,5,2,30,0
819,5,2,15,-15
820,5,2,30,0
821,5,2,25,-5
822,5,2,25,-5
823,5,2,15,-15
824,5,2,15,-15
825,5,2,20,-10
826,5,2,15,-15
827,5,2,15,-15
828,5,2,25,-5
829,5,2,20,-10
830,5,2,15,-15
831,5,2,20,-10
832,5,2,20,-10
833,5,2,30,0
834,5,2,20,-10
835,5,2,10,-20
836,5,2,10,-20
837,5,2,20,-10
838,5,2,15,-15
839,5,2,20,-10
840,5,2,25,-5
841,5,2,20,-10
842,5,2,10,-20
843,5,2,20,-10
844,5,2,10,-20
845,5,2,35,5
846,5,2,10,-20
847,5,2,15,-15
848,5,2,25,-5
849,5,2,20,-10
850,5,2,20,-10
851,5,2,35,5
852,5,2,30,0
853,5,2,10,-20
854,5,2,20,-10
855,5,2,10,-20
856,5,2,15,-15
857,5,2,5,-25
858,5,2,25,-5
859,5,2,15,-15
860,5,2,10,-20
861,5,2,20,-10
862,5,2,20,-10
863,5,2,30,0
864,5,2,15,-15
865,5,2,10,-20
866,5,2,30,0
867,5,2,30,0
868,5,2,10,-20
869,5,2,0,-30
870,5,2,15,-15
871,5,2,10,-20
872,5,2,25,-5
873,5,2,0,-30
874,5,2,10,-20
875,5,2,30,0
876,5,2,15,-15
877,5,2,15,-15
878,5,2,15,-15
879,5,2,15,-15
880,5,2,15,-15
881,5,2,20,-10
882,5,2,15,-15
883,5,2,15,-15
884,5,2,15,-15
885,5,2,20,-10
886,5,2,30,0
887,5,2,15,-15
888,5,2,20,-10
889,5,2,5,-25
890,5,2,0,-30
891,5,2,20,-10
892,5,2,10,-20
893,5,2,10,-20
894,5,2,15,-15
895,5,2,5,-25
896,5,2,45,15
897,5,2,10,-20
898,5,2,25,-5
899,5,2,15,-15
900,5,2,10,-20
901,5,2,15,-15
902,5,2,30,0
903,5,2,10,-20
904,5,2,35,5
905,5,2,5,-25
906,5,2,10,-20
907,5,2,15,-15
908,5,2,15,-15
909,5,2,20,-10
910,5,2,35,5
911,5,2,20,-10
912,5,2,15,-15
913,5,2,30,0
914,5,2,25,-5
915,5,2,15,-15
916,5,2,15,-15
917,5,2,15,-15
918,5,2,25,-5
919,5,2,20,-10
920,5,2,0,-30
921,5,2,10,-20
922,5,2,25,-5
923,5,2,10,-20
924,5,2,25,-5
925,5,2,15,-15
926,5,2,10,-20
927,5,2,20,-10
928,5,2,10,-20
929,5,2,20,-10
930,5,2,25,-5
931,5,2,20,-10
932,5,2,15,-15
933,5,2,25,-5
934,5,2,10,-20
935,5,2,20,-10
936,5,2,10,-20
937,5,2,5,-25
938,5,2,45,15
939,5,2,10,-20
940,5,2,15,-15
941,5,2,15,-15
942,5,2,20,-10
943,5,2,20,-10
944,5,2,25,-5
945,5,2,25,-5
946,5,2,10,-20
947,5,2,10,-20
948,5,2,5,-25
949,5,2,35,5
950,5,2,25,-5
951,5,2,25,-5
952,5,2,25,-5
953,5,2,5,-25
954,5,2,10,-20
955,5,2,15,-15
956,5,2,5,-25
957,5,2,15,-15
958,5,2,30,0
959,5,2,10,-20
960,5,2,5,-25
961,5,2,20,-10
962,5,2,20,-10
963,5,2,15,-15
964,5,2,20,-10
965,5,2,5,-25
966,5,2,30,0
967,5,2,15,-15
968,5,2,10,-20
969,5,2,20,-10
970,5,2,20,-10
971,5,2,35,5
972,5,2,5,-25
973,5,2,10,-20
974,5,2,5,-25
975,5,2,0,-30
976,5,2,25,-5
977,5,2,15,-15
978,5,2,10,-20
979,5,2,15,-15
980,5,2,25,-5
981,5,2,15,-15
982,5,2,25,-5
983,5,2,35,5
984,5,2,15,-15
985,5,2,10,-20
986,5,2,20,-10
987,5,2,10,-20
988,5,2,20,-10
989,5,2,25,-5
990,5,2,15,-15
991,5,2,15,-15
992,5,2,30,0
993,5,2,5,-25
994,5,2,10,-20
995,5,2,15,-15
996,5,2,5,-25
997,5,2,20,-10
998,5,2,15,-15
999,5,2,25,-5
0,7,2,30,0
1,7,2,25,-5
2,7,2,15,-15
3,7,2,30,0
4,7,2,25,-5
5,7,2,30,0
6,7,2,10,-20
7,7,2,15,-15
8,7,2,25,-5
9,7,2,20,-10
10,7,2,20,-10
11,7,2,15,-15
12,7,2,10,-20
13,7,2,5,-25
14,7,2,5,-25
15,7,2,10,-20
16,7,2,25,-5
17,7,2,10,-20
18,7,2,20,-10
19,7,2,30,0
20,7,2,20,-10
21,7,2,25,-5
22,7,2,5,-25
23,7,2,25,-5
24,7,2,25,-5
25,7,2,0,-30
26,7,2,25,-5
27,7,2,10,-20
28,7,2,10,-20
29,7,2,25,-5
30,7,2,30,0
31,7,2,15,-15
32,7,2,10,-20
33,7,2,5,-25
34,7,2,0,-30
35,7,2,10,-20
36,7,2,20,-10
37,7,2,15,-15
38,7,2,10,-20
39,7,2,15,-15
40,7,2,20,-10
41,7,2,15,-15
42,7,2,10,-20
43,7,2,35,5
44,7,2,10,-20
45,7,2,25,-5
46,7,2,5,-25
47,7,2,25,-5
48,7,2,10,-20
49,7,2,5,-25
50,7,2,15,-15
51,7,2,15,-15
52,7,2,30,0
53,7,2,30,0
54,7,2,5,-25
55,7,2,15,-15
56,7,2,0,-30
57,7,2,15,-15
58,7,2,15,-15
59,7,2,20,-10
60,7,2,20,-10
61,7,2,5,-25
62,7,2,10,-20
63,7,2,5,-25
64,7,2,20,-10
65,7,2,10,-20
66,7,2,10,-20
67,7,2,10,-20
68,7,2,20,-10
69,7,2,20,-10
70,7,2,30,0
71,7,2,10,-20
72,7,2,5,-25
73,7,2,20,-10
74,7,2,15,-15
75,7,2,25,-5
76,7,2,25,-5
77,7,2,20,-10
78,7,2,10,-20
79,7,2,10,-20
80,7,2,10,-20
81,7,2,10,-20
82,7,2,40,10
83,7,2,25,-5
84,7,2,40,10
85,7,2,20,-10
86,7,2,35,5
87,7,2,15,-15
88,7,2,25,-5
89,7,2,5,-25
90,7,2,10,-20
91,7,2,10,-20
92,7,2,15,-15
93,7,2,20,-10
94,7,2,30,0
95,7,2,30,0
96,7,2,15,-15
97,7,2,5,-25
98,7,2,20,-10
99,7,2,10,-20
100,7,2,15,-15
101,7,2,35,5
102,7,2,10,-20
103,7,2,20,-10
104,7,2,0,-30
105,7,2,20,-10
106,7,2,10,-20
107,7,2,10,-20
108,7,2,15,-15
109,7,2,5,-25
110,7,2,40,10
111,7,2,5,-25
112,7,2,5,-25
113,7,2,0,-30
114,7,2,5,-25
115,7,2,20,-10
116,7,2,5,-25
117,7,2,20,-10
118,7,2,15,-15
119,7,2,15,-15
120,7,2,20,-10
121,7,2,15,-15
122,7,2,15,-15
123,7,2,15,-15
124,7,2,5,-25
125,7,2,5,-25
126,7,2,20,-10
127,7,2,10,-20
128,7,2,20,-10
129,7,2,15,-15
130,7,2,15,-15
131,7,2,10,-20
132,7,2,5,-25
133,7,2,15,-15
134,7,2,15,-15
135,7,2,15,-15
136,7,2,25,-5
137,7,2,20,-10
138,7,2,20,-10
139,7,2,5,-25
140,7,2,10,-20
141,7,2,20,-10
142,7,2,5,-25
143,7,2,15,-15
144,7,2,10,-20
145,7,2,20,-10
146,7,2,15,-15
147,7,2,25,-5
148,7,2,30,0
149,7,2,20,-10
150,7,2,25,-5
151,7,2,20,-10
152,7,2,10,-20
153,7,2,10,-20
154,7,2,20,-10
155,7,2,35,5
156,7,2,10,-20
157,7,2,15,-15
158,7,2,30,0
159,7,2,15,-15
160,7,2,25,-5
161,7,2,20,-10
162,7,2,15,-15
163,7,2,15,-15
164,7,2,10,-20
165,7,2,20,-10
166,7,2,20,-10
167,7,2,10,-20
168,7,2,35,5
169,7,2,15,-15
170,7,2,30,0
171,7,2,15,-15
172,7,2,30,0
173,7,2,20,-10
174,7,2,45,15
175,7,2,0,-30
176,7,2,15,-15
177,7,2,20,-10
178,7,2,15,-15
179,7,2,25,-5
180,7,2,30,0
181,7,2,10,-20
182,7,2,10,-20
183,7,2,5,-25
184,7,2,20,-10
185,7,2,10,-20
186,7,2,20,-10
187,7,2,15,-15
188,7,2,20,-10
189,7,2,35,5
190,7,2,15,-15
191,7,2,10,-20
192,7,2,15,-15
193,7,2,10,-20
194,7,2,25,-5
195,7,2,5,-25
196,7,2,25,-5
197,7,2,30,0
198,7,2,0,-30
199,7,2,15,-15
200,7,2,20,-10
201,7,2,25,-5
202,7,2,30,0
203,7,2,20,-10
204,7,2,15,-15
205,7,2,10,-20
206,7,2,20,-10
207,7,2,20,-10
208,7,2,30,0
209,7,2,25,-5
210,7,2,15,-15
211,7,2,20,-10
212,7,2,5,-25
213,7,2,30,0
214,7,2,10,-20
215,7,2,10,-20
216,7,2,0,-30
217,7,2,10,-20
218,7,2,30,0
219,7,2,15,-15
220,7,2,20,-10
221,7,2,10,-20
222,7,2,10,-20
223,7,2,15,-15
224,7,2,20,-10
225,7,2,20,-10
226,7,2,10,-20
227,7,2,15,-15
228,7,2,10,-20
229,7,2,25,-5
230,7,2,30,0
231,7,2,15,-15
232,7,2,20,-10
233,7,2,10,-20
234,7,2,25,-5
235,7,2,25,-5
236,7,2,5,-25
237,7,2,5,-25
238,7,2,15,-15
239,7,2,15,-15
240,7,2,25,-5
241,7,2,20,-10
242,7,2,25,-5
243,7,2,10,-20
244,7,2,30,0
245,7,2,5,-25
246,7,2,30,0
247,7,2,20,-10
248,7,2,25,-5
249,7,2,15,-15
250,7,2,20,-10
251,7,2,25,-5
252,7,2,10,-20
253,7,2,20,-10
254,7,2,10,-20
255,7,2,25,-5
256,7,2,30,0
257,7,2,20,-10
258,7,2,10,-20
259,7,2,10,-20
260,7,2,5,-25
261,7,2,10,-20
262,7,2,20,-10
263,7,2,15,-15
264,7,2,10,-20
265,7,2,15,-15
266,7,2,20,-10
267,7,2,20,-10
268,7,2,20,-10
269,7,2,20,-10
270,7,2,10,-20
271,7,2,15,-15
272,7,2,5,-25
273,7,2,15,-15
274,7,2,0,-30
275,7,2,25,-5
276,7,2,10,-20
277,7,2,5,-25
278,7,2,25,-5
279,7,2,10,-20
280,7,2,10,-20
281,7,2,10,-20
282,7,2,15,-15
283,7,2,35,5
284,7,2,10,-20
285,7,2,15,-15
286,7,2,5,-25
287,7,2,10,-20
288,7,2,10,-20
289,7,2,20,-10
290,7,2,20,-10
291,7,2,5,-25
292,7,2,20,-10
293,7,2,15,-15
294,7,2,15,-15
295,7,2,25,-5
296,7,2,5,-25
297,7,2,30,0
298,7,2,15,-15
299,7,2,5,-25
300,7,2,20,-10
301,7,2,45,15
302,7,2,20,-10
303,7,2,15,-15
304,7,2,30,0
305,7,2,10,-20
306,7,2,30,0
307,7,2,10,-20
308,7,2,15,-15
309,7,2,20,-10
310,7,2,15,-15
311,7,2,20,-10
312,7,2,5,-25
313,7,2,10,-20
314,7,2,25,-5
315,7,2,10,-20
316,7,2,10,-20
317,7,2,25,-5
318,7,2,0,-30
319,7,2,20,-10
320,7,2,10,-20
321,7,2,25,-5
322,7,2,20,-10
323,7,2,15,-15
324,7,2,20,-10
325,7,2,15,-15
326,7,2,15,-15
327,7,2,25,-5
328,7,2,0,-30
329,7,2,5,-25
330,7,2,10,-20
331,7,2,20,-10
332,7,2,0,-30
333,7,2,15,-15
334,7,2,20,-10
335,7,2,20,-10
336,7,2,10,-20
337,7,2,5,-25
338,7,2,10,-20
339,7,2,20,-10
340,7,2,25,-5
341,7,2,15,-15
342,7,2,30,0
343,7,2,25,-5
344,7,2,20,-10
345,7,2,10,-20
346,7,2,15,-15
347,7,2,15,-15
348,7,2,15,-15
349,7,2,25,-5
350,7,2,10,-20
351,7,2,10,-20
352,7,2,30,0
353,7,2,15,-15
354,7,2,40,10
355,7,2,35,5
356,7,2,10,-20
357,7,2,25,-5
358,7,2,15,-15
359,7,2,10,-20
360,7,2,15,-15
361,7,2,10,-20
362,7,2,15,-15
363,7,2,30,0
364,7,2,15,-15
365,7,2,10,-20
366,7,2,10,-20
367,7,2,20,-10
368,7,2,20,-10
369,7,2,10,-20
370,7,2,10,-20
371,7,2,10,-20
372,7,2,35,5
373,7,2,25,-5
374,7,2,15,-15
375,7,2,40,10
376,7,2,20,-10
377,7,2,15,-15
378,7,2,10,-20
379,7,2,15,-15
380,7,2,15,-15
381,7,2,0,-30
382,7,2,15,-15
383,7,2,30,0
384,7,2,20,-10
385,7,2,10,-20
386,7,2,20,-10
387,7,2,15,-15
388,7,2,15,-15
389,7,2,10,-20
390,7,2,5,-25
391,7,2,10,-20
392,7,2,20,-10
393,7,2,15,-15
394,7,2,10,-20
395,7,2,25,-5
396,7,2,15,-15
397,7,2,25,-5
398,7,2,0,-30
399,7,2,15,-15
400,7,2,40,10
401,7,2,15,-15
402,7,2,15,-15
403,7,2,20,-10
404,7,2,15,-15
405,7,2,25,-5
406,7,2,20,-10
407,7,2,30,0
408,7,2,25,-5
409,7,2,0,-30
410,7,2,15,-15
411,7,2,15,-15
412,7,2,20,-10
413,7,2,10,-20
414,7,2,15,-15
415,7,2,15,-15
416,7,2,25,-5
417,7,2,20,-10
418,7,2,20,-10
419,7,2,10,-20
420,7,2,30,0
421,7,2,25,-5
422,7,2,25,-5
423,7,2,15,-15
424,7,2,5,-25
425,7,2,25,-5
426,7,2,15,-15
427,7,2,10,-20
428,7,2,15,-15
429,7,2,0,-30
430,7,2,15,-15
431,7,2,15,-15
432,7,2,20,-10
433,7,2,15,-15
434,7,2,15,-15
435,7,2,5,-25
436,7,2,30,0
437,7,2,30,0
438,7,2,5,-25
439,7,2,20,-10
440,7,2,10,-20
441,7,2,30,0
442,7,2,5,-25
443,7,2,10,-20
444,7,2,10,-20
445,7,2,5,-25
446,7,2,10,-20
447,7,2,10,-20
448,7,2,20,-10
449,7,2,15,-15
450,7,2,5,-25
451,7,2,30,0
452,7,2,5,-25
453,7,2,10,-20
454,7,2,30,0
455,7,2,10,-20
456,7,2,30,0
457,7,2,5,-25
458,7,2,35,5
459,7,2,50,20
460,7,2,20,-10
461,7,2,15,-15
462,7,2,20,-10
463,7,2,20,-10
464,7,2,25,-5
465,7,2,10,-20
466,7,2,20,-10
467,7,2,25,-5
468,7,2,20,-10
469,7,2,20,-10
470,7,2,25,-5
471,7,2,0,-30
472,7,2,35,5
473,7,2,35,5
474,7,2,25,-5
475,7,2,5,-25
476,7,2,15,-15
477,7,2,0,-30
478,7,2,5,-25
479,7,2,15,-15
480,7,2,15,-15
481,7,2,5,-25
482,7,2,20,-10
483,7,2,15,-15
484,7,2,25,-5
485,7,2,10,-20
486,7,2,35,5
487,7,2,5,-25
488,7,2,0,-30
489,7,2,10,-20
490,7,2,5,-25
491,7,2,0,-30
492,7,2,20,-10
493,7,2,15,-15
494,7,2,5,-25
495,7,2,25,-5
496,7,2,5,-25
497,7,2,10,-20
498,7,2,20,-10
499,7,2,15,-15
500,7,2,25,-5
501,7,2,10,-20
502,7,2,25,-5
503,7,2,15,-15
504,7,2,15,-15
505,7,2,20,-10
506,7,2,15,-15
507,7,2,15,-15
508,7,2,20,-10
509,7,2,30,0
510,7,2,15,-15
511,7,2,20,-10
512,7,2,10,-20
513,7,2,10,-20
514,7,2,5,-25
515,7,2,30,0
516,7,2,25,-5
517,7,2,10,-20
518,7,2,25,-5
519,7,2,10,-20
520,7,2,25,-5
521,7,2,25,-5
522,7,2,25,-5
523,7,2,15,-15
524,7,2,10,-20
525,7,2,10,-20
526,7,2,20,-10
527,7,2,20,-10
528,7,2,20,-10
529,7,2,15,-15
530,7,2,15,-15
531,7,2,15,-15
532,7,2,25,-5
533,7,2,20,-10
534,7,2,35,5
535,7,2,30,0
536,7,2,20,-10
537,7,2,20,-10
538,7,2,5,-25
539,7,2,25,-5
540,7,2,10,-20
541,7,2,30,0
542,7,2,10,-20
543,7,2,5,-25
544,7,2,15,-15
545,7,2,10,-20
546,7,2,5,-25
547,7,2,25,-5
548,7,2,25,-5
549,7,2,10,-20
550,7,2,30,0
551,7,2,20,-10
552,7,2,10,-20
553,7,2,15,-15
554,7,2,20,-10
555,7,2,15,-15
556,7,2,15,-15
557,7,2,10,-20
558,7,2,10,-20
559,7,2,20,-10
560,7,2,25,-5
561,7,2,0,-30
562,7,2,30,0
563,7,2,30,0
564,7,2,10,-20
565,7,2,5,-25
566,7,2,25,-5
567,7,2,20,-10
568,7,2,15,-15
569,7,2,15,-15
570,7,2,10,-20
571,7,2,5,-25
572,7,2,25,-5
573,7,2,10,-20
574,7,2,15,-15
575,7,2,10,-20
576,7,2,10,-20
577,7,2,5,-25
578,7,2,30,0
579,7,2,25,-5
580,7,2,15,-15
581,7,2,20,-10
582,7,2,25,-5
583,7,2,10,-20
584,7,2,20,-10
585,7,2,15,-15
586,7,2,20,-10
587,7,2,10,-20
588,7,2,20,-10
589,7,2,15,-15
590,7,2,25,-5
591,7,2,10,-20
592,7,2,10,-20
593,7,2,20,-10
594,7,2,15,-15
595,7,2,20,-10
596,7,2,10,-20
597,7,2,10,-20
598,7,2,15,-15
599,7,2,10,-20
600,7,2,40,10
601,7,2,25,-5
602,7,2,20,-10
603,7,2,10,-20
604,7,2,20,-10
605,7,2,5,-25
606,7,2,10,-20
607,7,2,25,-5
608,7,2,10,-20
609,7,2,25,-5
610,7,2,30,0
611,7,2,20,-10
612,7,2,20,-10
613,7,2,20,-10
614,7,2,15,-15
615,7,2,10,-20
616,7,2,15,-15
617,7,2,20,-10
618,7,2,5,-25
619,7,2,30,0
620,7,2,10,-20
621,7,2,20,-10
622,7,2,10,-20
623,7,2,0,-30
624,7,2,30,0
625,7,2,15,-15
626,7,2,35,5
627,7,2,15,-15
628,7,2,15,-15
629,7,2,15,-15
630,7,2,15,-15
631,7,2,15,-15
632,7,2,15,-15
633,7,2,15,-15
634,7,2,15,-15
635,7,2,15,-15
636,7,2,20,-10
637,7,2,5,-25
638,7,2,15,-15
639,7,2,25,-5
640,7,2,10,-20
641,7,2,15,-15
642,7,2,15,-15
643,7,2,25,-5
644,7,2,25,-5
645,7,2,15,-15
646,7,2,15,-15
647,7,2,15,-15
648,7,2,30,0
649,7,2,15,-15
650,7,2,15,-15
651,7,2,20,-10
652,7,2,30,0
653,7,2,20,-10
654,7,2,5,-25
655,7,2,5,-25
656,7,2,35,5
657,7,2,10,-20
658,7,2,5,-25
659,7,2,20,-10
660,7,2,20,-10
661,7,2,10,-20
662,7,2,10,-20
663,7,2,10,-20
664,7,2,30,0
665,7,2,20,-10
666,7,2,10,-20
667,7,2,15,-15
668,7,2,15,-15
669,7,2,20,-10
670,7,2,10,-20
671,7,2,15,-15
672,7,2,15,-15
673,7,2,15,-15
674,7,2,20,-10
675,7,2,5,-25
676,7,2,10,-20
677,7,2,20,-10
678,7,2,10,-20
679,7,2,0,-30
680,7,2,15,-15
681,7,2,20,-10
682,7,2,25,-5
683,7,2,5,-25
684,7,2,15,-15
685,7,2,15,-15
686,7,2,30,0
687,7,2,10,-20
688,7,2,25,-5
689,7,2,20,-10
690,7,2,20,-10
691,7,2,10,-20
692,7,2,20,-10
693,7,2,10,-20
694,7,2,25,-5
695,7,2,5,-25
696,7,2,25,-5
697,7,2,10,-20
698,7,2,15,-15
699,7,2,15,-15
700,7,2,25,-5
701,7,2,25,-5
702,7,2,35,5
703,7,2,30,0
704,7,2,25,-5
705,7,2,15,-15
706,7,2,30,0
707,7,2,0,-30
708,7,2,35,5
709,7,2,5,-25
710,7,2,10,-20
711,7,2,15,-15
712,7,2,25,-5
713,7,2,20,-10
714,7,2,30,0
715,7,2,25,-5
716,7,2,25,-5
717,7,2,20,-10
718,7,2,25,-5
719,7,2,15,-15
720,7,2,10,-20
721,7,2,15,-15
722,7,2,35,5
723,7,2,20,-10
724,7,2,15,-15
725,7,2,35,5
726,7,2,15,-15
727,7,2,15,-15
728,7,2,15,-15
729,7,2,20,-10
730,7,2,15,-15
731,7,2,30,0
732,7,2,20,-10
733,7,2,20,-10
734,7,2,20,-10
735,7,2,15,-15
736,7,2,15,-15
737,7,2,15,-15
738,7,2,10,-20
739,7,2,25,-5
740,7,2,15,-15
741,7,2,5,-25
742,7,2,10,-20
743,7,2,20,-10
744,7,2,10,-20
745,7,2,35,5
746,7,2,0,-30
747,7,2,5,-25
748,7,2,25,-5
749,7,2,15,-15
750,7,2,15,-15
751,7,2,20,-10
752,7,2,10,-20
753,7,2,10,-20
754,7,2,35,5
755,7,2,5,-25
756,7,2,25,-5
757,7,2,10,-20
758,7,2,20,-10
759,7,2,20,-10
760,7,2,10,-20
761,7,2,15,-15
762,7,2,25,-5
763,7,2,25,-5
764,7,2,10,-20
765,7,2,0,-30
766,7,2,10,-20
767,7,2,25,-5
768,7,2,15,-15
769,7,2,25,-5
770,7,2,10,-20
771,7,2,30,0
772,7,2,10,-20
773,7,2,10,-20
774,7,2,15,-15
775,7,2,20,-10
776,7,2,20,-10
777,7,2,5,-25
778,7,2,15,-15
779,7,2,20,-10
780,7,2,5,-25
781,7,2,15,-15
782,7,2,15,-15
783,7,2,25,-5
784,7,2,10,-20
785,7,2,20,-10
786,7,2,5,-25
787,7,2,10,-20
788,7,2,20,-10
789,7,2,20,-10
790,7,2,5,-25
791,7,2,25,-5
792,7,2,15,-15
793,7,2,5,-25
794,7,2,15,-15
795,7,2,25,-5
796,7,2,25,-5
797,7,2,10,-20
798,7,2,5,-25
799,7,2,20,-10
800,7,2,15,-15
801,7,2,15,-15
802,7,2,20,-10
803,7,2,25,-5
804,7,2,15,-15
805,7,2,20,-10
806,7,2,25,-5
807,7,2,20,-10
808,7,2,10,-20
809,7,2,15,-15
810,7,2,10,-20
811,7,2,15,-15
812,7,2,20,-10
813,7,2,10,-20
814,7,2,5,-25
815,7,2,10,-20
816,7,2,30,0
817,7,2,10,-20
818,7,2,25,-5
819,7,2,15,-15
820,7,2,15,-15
821,7,2,30,0
822,7,2,10,-20
823,7,2,30,0
824,7,2,20,-10
825,7,2,10,-20
826,7,2,20,-10
827,7,2,20,-10
828,7,2,10,-20
829,7,2,5,-25
830,7,2,20,-10
831,7,2,5,-25
832,7,2,20,-10
833,7,2,20,-10
834,7,2,20,-10
835,7,2,0,-30
836,7,2,10,-20
837,7,2,10,-20
838,7,2,20,-10
839,7,2,20,-10
840,7,2,20,-10
841,7,2,30,0
842,7,2,25,-5
843,7,2,20,-10
844,7,2,10,-20
845,7,2,20,-10
846,7,2,25,-5
847,7,2,20,-10
848,7,2,10,-20
849,7,2,15,-15
850,7,2,20,-10
851,7,2,20,-10
852,7,2,20,-10
853,7,2,10,-20
854,7,2,10,-20
855,7,2,5,-25
856,7,2,15,-15
857,7,2,20,-10
858,7,2,15,-15
859,7,2,10,-20
860,7,2,15,-15
861,7,2,20,-10
862,7,2,20,-10
863,7,2,10,-20
864,7,2,15,-15
865,7,2,10,-20
866,7,2,10,-20
867,7,2,10,-20
868,7,2,20,-10
869,7,2,10,-20
870,7,2,35,5
871,7,2,20,-10
872,7,2,15,-15
873,7,2,20,-10
874,7,2,10,-20
875,7,2,15,-15
876,7,2,25,-5
877,7,2,15,-15
878,7,2,20,-10
879,7,2,5,-25
880,7,2,40,10
881,7,2,15,-15
882,7,2,0,-30
883,7,2,5,-25
884,7,2,25,-5
885,7,2,10,-20
886,7,2,15,-15
887,7,2,15,-15
888,7,2,5,-25
889,7,2,10,-20
890,7,2,30,0
891,7,2,15,-15
892,7,2,10,-20
893,7,2,15,-15
894,7,2,15,-15
895,7,2,20,-10
896,7,2,15,-15
897,7,2,15,-15
898,7,2,20,-10
899,7,2,15,-15
900,7,2,20,-10
901,7,2,10,-20
902,7,2,10,-20
903,7,2,20,-10
904,7,2,5,-25
905,7,2,15,-15
906,7,2,15,-15
907,7,2,25,-5
908,7,2,5,-25
909,7,2,20,-10
910,7,2,20,-10
911,7,2,25,-5
912,7,2,10,-20
913,7,2,25,-5
914,7,2,10,-20
915,7,2,15,-15
916,7,2,30,0
917,7,2,15,-15
918,7,2,15,-15
919,7,2,15,-15
920,7,2,0,-30
921,7,2,15,-15
922,7,2,0,-30
923,7,2,15,-15
924,7,2,40,10
925,7,2,25,-5
926,7,2,0,-30
927,7,2,25,-5
928,7,2,15,-15
929,7,2,20,-10
930,7,2,15,-15
931,7,2,10,-20
932,7,2,15,-15
933,7,2,25,-5
934,7,2,20,-10
935,7,2,10,-20
936,7,2,15,-15
937,7,2,10,-20
938,7,2,15,-15
939,7,2,15,-15
940,7,2,15,-15
941,7,2,15,-15
942,7,2,20,-10
943,7,2,15,-15
944,7,2,5,-25
945,7,2,5,-25
946,7,2,10,-20
947,7,2,15,-15
948,7,2,10,-20
949,7,2,25,-5
950,7,2,10,-20
951,7,2,15,-15
952,7,2,20,-10
953,7,2,25,-5
954,7,2,15,-15
955,7,2,45,15
956,7,2,10,-20
957,7,2,15,-15
958,7,2,0,-30
959,7,2,15,-15
960,7,2,35,5
961,7,2,10,-20
962,7,2,15,-15
963,7,2,5,-25
964,7,2,20,-10
965,7,2,15,-15
966,7,2,15,-15
967,7,2,15,-15
968,7,2,20,-10
969,7,2,20,-10
970,7,2,20,-10
971,7,2,20,-10
972,7,2,15,-15
973,7,2,20,-10
974,7,2,0,-30
975,7,2,15,-15
976,7,2,30,0
977,7,2,20,-10
978,7,2,10,-20
979,7,2,10,-20
980,7,2,30,0
981,7,2,5,-25
982,7,2,15,-15
983,7,2,20,-10
984,7,2,15,-15
985,7,2,10,-20
986,7,2,10,-20
987,7,2,10,-20
988,7,2,10,-20
989,7,2,10,-20
990,7,2,35,5
991,7,2,10,-20
992,7,2,10,-20
993,7,2,15,-15
994,7,2,20,-10
995,7,2,5,-25
996,7,2,5,-25
997,7,2,5,-25
998,7,2,10,-20
999,7,2,20,-10
0,9,2,25,-5
1,9,2,10,-20
2,9,2,15,-15
3,9,2,10,-20
4,9,2,20,-10
5,9,2,20,-10
6,9,2,10,-20
7,9,2,15,-15
8,9,2,5,-25
9,9,2,10,-20
10,9,2,10,-20
11,9,2,5,-25
12,9,2,25,-5
13,9,2,5,-25
14,9,2,20,-10
15,9,2,10,-20
16,9,2,0,-30
17,9,2,30,0
18,9,2,15,-15
19,9,2,10,-20
20,9,2,30,0
21,9,2,15,-15
22,9,2,15,-15
23,9,2,5,-25
24,9,2,35,5
25,9,2,10,-20
26,9,2,15,-15
27,9,2,25,-5
28,9,2,35,5
29,9,2,10,-20
30,9,2,25,-5
31,9,2,25,-5
32,9,2,15,-15
33,9,2,10,-20
34,9,2,10,-20
35,9,2,5,-25
36,9,2,10,-20
37,9,2,25,-5
38,9,2,25,-5
39,9,2,0,-30
40,9,2,15,-15
41,9,2,20,-10
42,9,2,15,-15
43,9,2,5,-25
44,9,2,20,-10
45,9,2,15,-15
46,9,2,30,0
47,9,2,15,-15
48,9,2,15,-15
49,9,2,15,-15
50,9,2,15,-15
51,9,2,20,-10
52,9,2,20,-10
53,9,2,30,0
54,9,2,25,-5
55,9,2,15,-15
56,9,2,15,-15
57,9,2,15,-15
58,9,2,15,-15
59,9,2,30,0
60,9,2,25,-5
61,9,2,25,-5
62,9,2,15,-15
63,9,2,15,-15
64,9,2,15,-15
65,9,2,25,-5
66,9,2,10,-20
67,9,2,20,-10
68,9,2,45,15
69,9,2,10,-20
70,9,2,10,-20
71,9,2,25,-5
72,9,2,10,-20
73,9,2,25,-5
74,9,2,10,-20
75,9,2,10,-20
76,9,2,10,-20
77,9,2,30,0
78,9,2,30,0
79,9,2,25,-5
80,9,2,15,-15
81,9,2,10,-20
82,9,2,10,-20
83,9,2,30,0
84,9,2,15,-15
85,9,2,30,0
86,9,2,25,-5
87,9,2,15,-15
88,9,2,15,-15
89,9,2,20,-10
90,9,2,20,-10
91,9,2,10,-20
92,9,2,5,-25
93,9,2,25,-5
94,9,2,25,-5
95,9,2,15,-15
96,9,2,20,-10
97,9,2,20,-10
98,9,2,25,-5
99,9,2,30,0
100,9,2,30,0
101,9,2,0,-30
102,9,2,15,-15
103,9,2,15,-15
104,9,2,30,0
105,9,2,25,-5
106,9,2,40,10
107,9,2,15,-15
108,9,2,15,-15
109,9,2,10,-20
110,9,2,10,-20
111,9,2,25,-5
112,9,2,20,-10
113,9,2,20,-10
114,9,2,25,-5
115,9,2,15,-15
116,9,2,20,-10
117,9,2,15,-15
118,9,2,25,-5
119,9,2,0,-30
120,9,2,20,-10
121,9,2,20,-10
122,9,2,0,-30
123,9,2,30,0
124,9,2,25,-5
125,9,2,20,-10
126,9,2,10,-20
127,9,2,20,-10
128,9,2,15,-15
129,9,2,15,-15
130,9,2,20,-10
131,9,2,10,-20
132,9,2,30,0
133,9,2,20,-10
134,9,2,20,-10
135,9,2,15,-15
136,9,2,10,-20
137,9,2,15,-15
138,9,2,20,-10
139,9,2,25,-5
140,9,2,5,-25
141,9,2,15,-15
142,9,2,25,-5
143,9,2,10,-20
144,9,2,15,-15
145,9,2,10,-20
146,9,2,20,-10
147,9,2,15,-15
148,9,2,20,-10
149,9,2,20,-10
150,9,2,10,-20
151,9,2,15,-15
152,9,2,25,-5
153,9,2,20,-10
154,9,2,25,-5
155,9,2,15,-15
156,9,2,30,0
157,9,2,20,-10
158,9,2,10,-20
159,9,2,25,-5
160,9,2,15,-15
161,9,2,25,-5
162,9,2,25,-5
163,9,2,25,-5
164,9,2,15,-15
165,9,2,30,0
166,9,2,5,-25
167,9,2,25,-5
168,9,2,5,-25
169,9,2,30,0
170,9,2,10,-20
171,9,2,10,-20
172,9,2,25,-5
173,9,2,25,-5
174,9,2,20,-10
175,9,2,15,-15
176,9,2,20,-10
177,9,2,25,-5
178,9,2,0,-30
179,9,2,15,-15
180,9,2,25,-5
181,9,2,10,-20
182,9,2,20,-10
183,9,2,25,-5
184,9,2,10,-20
185,9,2,20,-10
186,9,2,20,-10
187,9,2,10,-20
188,9,2,10,-20
189,9,2,20,-10
190,9,2,15,-15
191,9,2,20,-10
192,9,2,15,-15
193,9,2,10,-20
194,9,2,15,-15
195,9,2,25,-5
196,9,2,35,5
197,9,2,10,-20
198,9,2,20,-10
199,9,2,25,-5
200,9,2,10,-20
201,9,2,20,-10
202,9,2,20,-10
203,9,2,20,-10
204,9,2,20,-10
205,9,2,0,-30
206,9,2,45,15
207,9,2,5,-25
208,9,2,25,-5
209,9,2,10,-20
210,9,2,5,-25
211,9,2,10,-20
212,9,2,10,-20
213,9,2,20,-10
214,9,2,20,-10
215,9,2,20,-10
216,9,2,20,-10
217,9,2,10,-20
218,9,2,20,-10
219,9,2,30,0
220,9,2,25,-5
221,9,2,25,-5
222,9,2,20,-10
223,9,2,15,-15
224,9,2,15,-15
225,9,2,20,-10
226,9,2,10,-20
227,9,2,20,-10
228,9,2,15,-15
229,9,2,5,-25
230,9,2,15,-15
231,9,2,15,-15
232,9,2,5,-25
233,9,2,15,-15
234,9,2,20,-10
235,9,2,15,-15
236,9,2,25,-5
237,9,2,20,-10
238,9,2,10,-20
239,9,2,20,-10
240,9,2,10,-20
241,9,2,10,-20
242,9,2,20,-10
243,9,2,20,-10
244,9,2,15,-15
245,9,2,15,-15
246,9,2,10,-20
247,9,2,25,-5
248,9,2,20,-10
249,9,2,25,-5
250,9,2,5,-25
251,9,2,5,-25
252,9,2,20,-10
253,9,2,10,-20
254,9,2,15,-15
255,9,2,15,-15
256,9,2,15,-15
257,9,2,15,-15
258,9,2,25,-5
259,9,2,15,-15
260,9,2,15,-15
261,9,2,20,-10
262,9,2,15,-15
263,9,2,20,-10
264,9,2,20,-10
265,9,2,15,-15
266,9,2,25,-5
267,9,2,30,0
268,9,2,10,-20
269,9,2,50,20
270,9,2,15,-15
271,9,2,10,-20
272,9,2,5,-25
273,9,2,5,-25
274,9,2,10,-20
275,9,2,10,-20
276,9,2,0,-30
277,9,2,25,-5
278,9,2,5,-25
279,9,2,0,-30
280,9,2,5,-25
281,9,2,30,0
282,9,2,15,-15
283,9,2,15,-15
284,9,2,15,-15
285,9,2,15,-15
286,9,2,20,-10
287,9,2,20,-10
288,9,2,20,-10
289,9,2,30,0
290,9,2,15,-15
291,9,2,10,-20
292,9,2,15,-15
293,9,2,30,0
294,9,2,15,-15
295,9,2,20,-10
296,9,2,20,-10
297,9,2,10,-20
298,9,2,35,5
299,9,2,5,-25
300,9,2,10,-20
301,9,2,30,0
302,9,2,30,0
303,9,2,15,-15
304,9,2,10,-20
305,9,2,15,-15
306,9,2,0,-30
307,9,2,15,-15
308,9,2,10,-20
309,9,2,15,-15
310,9,2,15,-15
311,9,2,35,5
312,9,2,15,-15
313,9,2,15,-15
314,9,2,5,-25
315,9,2,10,-20
316,9,2,5,-25
317,9,2,10,-20
318,9,2,10,-20
319,9,2,25,-5
320,9,2,15,-15
321,9,2,25,-5
322,9,2,10,-20
323,9,2,25,-5
324,9,2,15,-15
325,9,2,30,0
326,9,2,10,-20
327,9,2,10,-20
328,9,2,25,-5
329,9,2,20,-10
330,9,2,30,0
331,9,2,30,0
332,9,2,10,-20
333,9,2,10,-20
334,9,2,15,-15
335,9,2,0,-30
336,9,2,15,-15
337,9,2,20,-10
338,9,2,15,-15
339,9,2,30,0
340,9,2,15,-15
341,9,2,15,-15
342,9,2,35,5
343,9,2,20,-10
344,9,2,15,-15
345,9,2,20,-10
346,9,2,15,-15
347,9,2,15,-15
348,9,2,5,-25
349,9,2,30,0
350,9,2,10,-20
351,9,2,20,-10
352,9,2,10,-20
353,9,2,35,5
354,9,2,10,-20
355,9,2,15,-15
356,9,2,15,-15
357,9,2,25,-5
358,9,2,25,-5
359,9,2,25,-5
360,9,2,15,-15
361,9,2,10,-20
362,9,2,5,-25
363,9,2,5,-25
364,9,2,15,-15
365,9,2,15,-15
366,9,2,20,-10
367,9,2,20,-10
368,9,2,25,-5
369,9,2,25,-5
370,9,2,15,-15
371,9,2,30,0
372,9,2,30,0
373,9,2,30,0
374,9,2,25,-5
375,9,2,5,-25
376,9,2,15,-15
377,9,2,20,-10
378,9,2,20,-10
379,9,2,5,-25
380,9,2,10,-20
381,9,2,25,-5
382,9,2,5,-25
383,9,2,10,-20
384,9,2,20,-10
385,9,2,25,-5
386,9,2,10,-20
387,9,2,5,-25
388,9,2,15,-15
389,9,2,20,-10
390,9,2,30,0
391,9,2,20,-10
392,9,2,30,0
393,9,2,30,0
394,9,2,5,-25
395,9,2,0,-30
396,9,2,25,-5
397,9,2,10,-20
398,9,2,10,-20
399,9,2,20,-10
400,9,2,15,-15
401,9,2,15,-15
402,9,2,20,-10
403,9,2,25,-5
404,9,2,25,-5
405,9,2,15,-15
406,9,2,10,-20
407,9,2,5,-25
408,9,2,15,-15
409,9,2,15,-15
410,9,2,15,-15
411,9,2,20,-10
412,9,2,10,-20
413,9,2,20,-10
414,9,2,20,-10
415,9,2,5,-25
416,9,2,5,-25
417,9,2,30,0
418,9,2,25,-5
419,9,2,10,-20
420,9,2,15,-15
421,9,2,5,-25
422,9,2,25,-5
423,9,2,5,-25
424,9,2,10,-20
425,9,2,20,-10
426,9,2,25,-5
427,9,2,25,-5
428,9,2,15,-15
429,9,2,0,-30
430,9,2,20,-10
431,9,2,30,0
432,9,2,30,0
433,9,2,15,-15
434,9,2,15,-15
435,9,2,15,-15
436,9,2,5,-25
437,9,2,5,-25
438,9,2,15,-15
439,9,2,10,-20
440,9,2,20,-10
441,9,2,30,0
442,9,2,20,-10
443,9,2,10,-20
444,9,2,10,-20
445,9,2,20,-10
446,9,2,15,-15
447,9,2,15,-15
448,9,2,10,-20
449,9,2,20,-10
450,9,2,10,-20
451,9,2,0,-30
452,9,2,10,-20
453,9,2,0,-30
454,9,2,10,-20
455,9,2,0,-30
456,9,2,5,-25
457,9,2,15,-15
458,9,2,15,-15
459,9,2,15,-15
460,9,2,0,-30
461,9,2,25,-5
462,9,2,15,-15
463,9,2,5,-25
464,9,2,5,-25
465,9,2,5,-25
466,9,2,25,-5
467,9,2,10,-20
468,9,2,20,-10
469,9,2,15,-15
470,9,2,20,-10
471,9,2,20,-10
472,9,2,10,-20
473,9,2,5,-25
474,9,2,10,-20
475,9,2,25,-5
476,9,2,25,-5
477,9,2,10,-20
478,9,2,15,-15
479,9,2,20,-10
480,9,2,15,-15
481,9,2,35,5
482,9,2,15,-15
483,9,2,30,0
484,9,2,10,-20
485,9,2,5,-25
486,9,2,15,-15
487,9,2,30,0
488,9,2,25,-5
489,9,2,0,-30
490,9,2,5,-25
491,9,2,5,-25
492,9,2,10,-20
493,9,2,15,-15
494,9,2,10,-20
495,9,2,35,5
496,9,2,5,-25
497,9,2,15,-15
498,9,2,5,-25
499,9,2,5,-25
500,9,2,5,-25
501,9,2,25,-5
502,9,2,30,0
503,9,2,25,-5
504,9,2,15,-15
505,9,2,5,-25
506,9,2,20,-10
507,9,2,20,-10
508,9,2,20,-10
509,9,2,15,-15
510,9,2,35,5
511,9,2,10,-20
512,9,2,20,-10
513,9,2,15,-15
514,9,2,10,-20
515,9,2,45,15
516,9,2,15,-15
517,9,2,15,-15
518,9,2,0,-30
519,9,2,10,-20
520,9,2,15,-15
521,9,2,15,-15
522,9,2,20,-10
523,9,2,15,-15
524,9,2,5,-25
525,9,2,25,-5
526,9,2,10,-20
527,9,2,20,-10
528,9,2,15,-15
529,9,2,5,-25
530,9,2,5,-25
531,9,2,25,-5
532,9,2,25,-5
533,9,2,10,-20
534,9,2,15,-15
535,9,2,20,-10
536,9,2,25,-5
537,9,2,5,-25
538,9,2,20,-10
539,9,2,5,-25
540,9,2,20,-10
541,9,2,10,-20
542,9,2,5,-25
543,9,2,15,-15
544,9,2,25,-5
545,9,2,20,-10
546,9,2,30,0
547,9,2,5,-25
548,9,2,5,-25
549,9,2,20,-10
550,9,2,20,-10
551,9,2,25,-5
552,9,2,30,0
553,9,2,30,0
554,9,2,30,0
555,9,2,10,-20
556,9,2,20,-10
557,9,2,10,-20
558,9,2,10,-20
559,9,2,10,-20
560,9,2,30,0
561,9,2,10,-20
562,9,2,25,-5
563,9,2,10,-20
564,9,2,20,-10
565,9,2,5,-25
566,9,2,25,-5
567,9,2,10,-20
568,9,2,15,-15
569,9,2,25,-5
570,9,2,15,-15
571,9,2,20,-10
572,9,2,15,-15
573,9,2,0,-30
574,9,2,10,-20
575,9,2,10,-20
576,9,2,20,-10
577,9,2,30,0
578,9,2,20,-10
579,9,2,20,-10
580,9,2,10,-20
581,9,2,20,-10
582,9,2,15,-15
583,9,2,15,-15
584,9,2,10,-20
585,9,2,15,-15
586,9,2,25,-5
587,9,2,15,-15
588,9,2,5,-25
589,9,2,20,-10
590,9,2,20,-10
591,9,2,15,-15
592,9,2,5,-25
593,9,2,15,-15
594,9,2,15,-15
595,9,2,10,-20
596,9,2,30,0
597,9,2,15,-15
598,9,2,20,-10
599,9,2,25,-5
600,9,2,30,0
601,9,2,15,-15
602,9,2,5,-25
603,9,2,0,-30
604,9,2,25,-5
605,9,2,5,-25
606,9,2,25,-5
607,9,2,10,-20
608,9,2,15,-15
609,9,2,10,-20
610,9,2,25,-5
611,9,2,20,-10
612,9,2,10,-20
613,9,2,15,-15
614,9,2,25,-5
615,9,2,10,-20
616,9,2,10,-20
617,9,2,20,-10
618,9,2,30,0
619,9,2,15,-15
620,9,2,5,-25
621,9,2,20,-10
622,9,2,30,0
623,9,2,5,-25
624,9,2,15,-15
625,9,2,10,-20
626,9,2,5,-25
627,9,2,5,-25
628,9,2,20,-10
629,9,2,15,-15
630,9,2,5,-25
631,9,2,40,10
632,9,2,20,-10
633,9,2,20,-10
634,9,2,45,15
635,9,2,5,-25
636,9,2,10,-20
637,9,2,15,-15
638,9,2,25,-5
639,9,2,10,-20
640,9,2,20,-10
641,9,2,15,-15
642,9,2,10,-20
643,9,2,30,0
644,9,2,20,-10
645,9,2,10,-20
646,9,2,25,-5
647,9,2,5,-25
648,9,2,25,-5
649,9,2,25,-5
650,9,2,10,-20
651,9,2,15,-15
652,9,2,10,-20
653,9,2,15,-15
654,9,2,25,-5
655,9,2,10,-20
656,9,2,20,-10
657,9,2,10,-20
658,9,2,15,-15
659,9,2,25,-5
660,9,2,15,-15
661,9,2,10,-20
662,9,2,35,5
663,9,2,15,-15
664,9,2,25,-5
665,9,2,5,-25
666,9,2,15,-15
667,9,2,25,-5
668,9,2,15,-15
669,9,2,25,-5
670,9,2,20,-10
671,9,2,10,-20
672,9,2,15,-15
673,9,2,5,-25
674,9,2,20,-10
675,9,2,10,-20
676,9,2,10,-20
677,9,2,35,5
678,9,2,30,0
679,9,2,0,-30
680,9,2,30,0
681,9,2,25,-5
682,9,2,0,-30
683,9,2,20,-10
684,9,2,15,-15
685,9,2,20,-10
686,9,2,15,-15
687,9,2,10,-20
688,9,2,15,-15
689,9,2,20,-10
690,9,2,10,-20
691,9,2,5,-25
692,9,2,15,-15
693,9,2,25,-5
694,9,2,15,-15
695,9,2,10,-20
696,9,2,10,-20
697,9,2,20,-10
698,9,2,25,-5
699,9,2,30,0
700,9,2,10,-20
701,9,2,10,-20
702,9,2,0,-30
703,9,2,35,5
704,9,2,15,-15
705,9,2,30,0
706,9,2,0,-30
707,9,2,15,-15
708,9,2,15,-15
709,9,2,40,10
710,9,2,15,-15
711,9,2,20,-10
712,9,2,10,-20
713,9,2,15,-15
714,9,2,20,-10
715,9,2,20,-10
716,9,2,15,-15
717,9,2,30,0
718,9,2,10,-20
719,9,2,20,-10
720,9,2,15,-15
721,9,2,20,-10
722,9,2,20,-10
723,9,2,10,-20
724,9,2,10,-20
725,9,2,15,-15
726,9,2,10,-20
727,9,2,25,-5
728,9,2,25,-5
729,9,2,10,-20
730,9,2,15,-15
731,9,2,15,-15
732,9,2,20,-10
733,9,2,5,-25
734,9,2,35,5
735,9,2,25,-5
736,9,2,5,-25
737,9,2,5,-25
738,9,2,35,5
739,9,2,10,-20
740,9,2,10,-20
741,9,2,35,5
742,9,2,30,0
743,9,2,10,-20
744,9,2,30,0
745,9,2,10,-20
746,9,2,15,-15
747,9,2,20,-10
748,9,2,20,-10
749,9,2,15,-15
750,9,2,20,-10
751,9,2,25,-5
752,9,2,15,-15
753,9,2,35,5
754,9,2,20,-10
755,9,2,15,-15
756,9,2,0,-30
757,9,2,15,-15
758,9,2,20,-10
759,9,2,5,-25
760,9,2,25,-5
761,9,2,15,-15
762,9,2,10,-20
763,9,2,10,-20
764,9,2,20,-10
765,9,2,10,-20
766,9,2,5,-25
767,9,2,15,-15
768,9,2,20,-10
769,9,2,20,-10
770,9,2,30,0
771,9,2,10,-20
772,9,2,25,-5
773,9,2,15,-15
774,9,2,20,-10
775,9,2,20,-10
776,9,2,15,-15
777,9,2,5,-25
778,9,2,25,-5
779,9,2,30,0
780,9,2,25,-5
781,9,2,25,-5
782,9,2,25,-5
783,9,2,25,-5
784,9,2,30,0
785,9,2,20,-10
786,9,2,10,-20
787,9,2,15,-15
788,9,2,5,-25
789,9,2,30,0
790,9,2,15,-15
791,9,2,20,-10
792,9,2,20,-10
793,9,2,35,5
794,9,2,5,-25
795,9,2,10,-20
796,9,2,15,-15
797,9,2,5,-25
798,9,2,15,-15
799,9,2,10,-20
800,9,2,10,-20
801,9,2,15,-15
802,9,2,10,-20
803,9,2,15,-15
804,9,2,30,0
805,9,2,20,-10
806,9,2,15,-15
807,9,2,10,-20
808,9,2,5,-25
809,9,2,15,-15
810,9,2,20,-10
811,9,2,0,-30
812,9,2,5,-25
813,9,2,20,-10
814,9,2,25,-5
815,9,2,15,-15
816,9,2,15,-15
817,9,2,15,-15
818,9,2,20,-10
819,9,2,35,5
820,9,2,10,-20
821,9,2,25,-5
822,9,2,5,-25
823,9,2,25,-5
824,9,2,20,-10
825,9,2,20,-10
826,9,2,10,-20
827,9,2,15,-15
828,9,2,5,-25
829,9,2,20,-10
830,9,2,20,-10
831,9,2,10,-20
832,9,2,10,-20
833,9,2,10,-20
834,9,2,10,-20
835,9,2,35,5
836,9,2,20,-10
837,9,2,30,0
838,9,2,45,15
839,9,2,15,-15
840,9,2,20,-10
841,9,2,15,-15
842,9,2,20,-10
843,9,2,20,-10
844,9,2,5,-25
845,9,2,5,-25
846,9,2,15,-15
847,9,2,25,-5
848,9,2,20,-10
849,9,2,10,-20
850,9,2,5,-25
851,9,2,20,-10
852,9,2,15,-15
853,9,2,20,-10
854,9,2,10,-20
855,9,2,15,-15
856,9,2,15,-15
857,9,2,30,0
858,9,2,10,-20
859,9,2,20,-10
860,9,2,10,-20
861,9,2,15,-15
862,9,2,0,-30
863,9,2,15,-15
864,9,2,20,-10
865,9,2,15,-15
866,9,2,10,-20
867,9,2,20,-10
868,9,2,25,-5
869,9,2,5,-25
870,9,2,15,-15
871,9,2,20,-10
872,9,2,0,-30
873,9,2,5,-25
874,9,2,30,0
875,9,2,20,-10
876,9,2,25,-5
877,9,2,20,-10
878,9,2,10,-20
879,9,2,0,-30
880,9,2,35,5
881,9,2,15,-15
882,9,2,25,-5
883,9,2,30,0
884,9,2,10,-20
885,9,2,20,-10
886,9,2,35,5
887,9,2,15,-15
888,9,2,10,-20
889,9,2,40,10
890,9,2,10,-20
891,9,2,40,10
892,9,2,20,-10
893,9,2,10,-20
894,9,2,20,-10
895,9,2,10,-20
896,9,2,10,-20
897,9,2,20,-10
898,9,2,10,-20
899,9,2,15,-15
900,9,2,25,-5
901,9,2,15,-15
902,9,2,20,-10
903,9,2,15,-15
904,9,2,30,0
905,9,2,15,-15
906,9,2,10,-20
907,9,2,10,-20
908,9,2,20,-10
909,9,2,15,-15
910,9,2,20,-10
911,9,2,20,-10
912,9,2,10,-20
913,9,2,15,-15
914,9,2,15,-15
915,9,2,10,-20
916,9,2,10,-20
917,9,2,5,-25
918,9,2,25,-5
919,9,2,15,-15
920,9,2,10,-20
921,9,2,20,-10
922,9,2,25,-5
923,9,2,20,-10
924,9,2,15,-15
925,9,2,25,-5
926,9,2,20,-10
927,9,2,15,-15
928,9,2,0,-30
929,9,2,5,-25
930,9,2,10,-20
931,9,2,15,-15
932,9,2,15,-15
933,9,2,20,-10
934,9,2,10,-20
935,9,2,25,-5
936,9,2,20,-10
937,9,2,15,-15
938,9,2,10,-20
939,9,2,20,-10
940,9,2,25,-5
941,9,2,10,-20
942,9,2,25,-5
943,9,2,5,-25
944,9,2,15,-15
945,9,2,35,5
946,9,2,10,-20
947,9,2,40,10
948,9,2,30,0
949,9,2,25,-5
950,9,2,25,-5
951,9,2,15,-15
952,9,2,10,-20
953,9,2,35,5
954,9,2,10,-20
955,9,2,15,-15
956,9,2,25,-5
957,9,2,25,-5
958,9,2,25,-5
959,9,2,10,-20
960,9,2,0,-30
961,9,2,15,-15
962,9,2,10,-20
963,9,2,5,-25
964,9,2,20,-10
965,9,2,5,-25
966,9,2,15,-15
967,9,2,0,-30
968,9,2,25,-5
969,9,2,20,-10
970,9,2,15,-15
971,9,2,5,-25
972,9,2,25,-5
973,9,2,15,-15
974,9,2,30,0
975,9,2,35,5
976,9,2,15,-15
977,9,2,5,-25
978,9,2,35,5
979,9,2,25,-5
980,9,2,25,-5
981,9,2,5,-25
982,9,2,20,-10
983,9,2,30,0
984,9,2,5,-25
985,9,2,10,-20
986,9,2,5,-25
987,9,2,20,-10
988,9,2,15,-15
989,9,2,15,-15
990,9,2,15,-15
991,9,2,25,-5
992,9,2,25,-5
993,9,2,20,-10
994,9,2,25,-5
995,9,2,20,-10
996,9,2,0,-30
997,9,2,5,-25
998,9,2,5,-25
999,9,2,10,-20
0,11,2,10,-20
1,11,2,20,-10
2,11,2,30,0
3,11,2,10,-20
4,11,2,10,-20
5,11,2,20,-10
6,11,2,20,-10
7,11,2,10,-20
8,11,2,25,-5
9,11,2,10,-20
10,11,2,20,-10
11,11,2,10,-20
12,11,2,15,-15
13,11,2,10,-20
14,11,2,10,-20
15,11,2,25,-5
16,11,2,15,-15
17,11,2,30,0
18,11,2,25,-5
19,11,2,10,-20
20,11,2,5,-25
21,11,2,10,-20
22,11,2,30,0
23,11,2,20,-10
24,11,2,10,-20
25,11,2,20,-10
26,11,2,25,-5
27,11,2,20,-10
28,11,2,15,-15
29,11,2,20,-10
30,11,2,5,-25
31,11,2,5,-25
32,11,2,10,-20
33,11,2,10,-20
34,11,2,5,-25
35,11,2,5,-25
36,11,2,5,-25
37,11,2,10,-20
38,11,2,15,-15
39,11,2,20,-10
40,11,2,15,-15
41,11,2,10,-20
42,11,2,20,-10
43,11,2,5,-25
44,11,2,15,-15
45,11,2,30,0
46,11,2,10,-20
47,11,2,20,-10
48,11,2,15,-15
49,11,2,15,-15
50,11,2,5,-25
51,11,2,15,-15
52,11,2,20,-10
53,11,2,5,-25
54,11,2,20,-10
55,11,2,20,-10
56,11,2,20,-10
57,11,2,10,-20
58,11,2,15,-15
59,11,2,10,-20
60,11,2,25,-5
61,11,2,15,-15
62,11,2,5,-25
63,11,2,15,-15
64,11,2,35,5
65,11,2,15,-15
66,11,2,5,-25
67,11,2,20,-10
68,11,2,15,-15
69,11,2,25,-5
70,11,2,20,-10
71,11,2,15,-15
72,11,2,5,-25
73,11,2,15,-15
74,11,2,20,-10
75,11,2,10,-20
76,11,2,15,-15
77,11,2,30,0
78,11,2,10,-20
79,11,2,20,-10
80,11,2,20,-10
81,11,2,20,-10
82,11,2,15,-15
83,11,2,15,-15
84,11,2,10,-20
85,11,2,10,-20
86,11,2,15,-15
87,11,2,5,-25
88,11,2,15,-15
89,11,2,15,-15
90,11,2,15,-15
91,11,2,30,0
92,11,2,5,-25
93,11,2,5,-25
94,11,2,30,0
95,11,2,0,-30
96,11,2,15,-15
97,11,2,15,-15
98,11,2,20,-10
99,11,2,30,0
100,11,2,0,-30
101,11,2,10,-20
102,11,2,20,-10
103,11,2,10,-20
104,11,2,35,5
105,11,2,20,-10
106,11,2,10,-20
107,11,2,0,-30
108,11,2,10,-20
109,11,2,5,-25
110,11,2,10,-20
111,11,2,10,-20
112,11,2,20,-10
113,11,2,5,-25
114,11,2,10,-20
115,11,2,10,-20
116,11,2,20,-10
117,11,2,5,-25
118,11,2,20,-10
119,11,2,30,0
120,11,2,15,-15
121,11,2,15,-15
122,11,2,20,-10
123,11,2,20,-10
124,11,2,15,-15
125,11,2,10,-20
126,11,2,10,-20
127,11,2,10,-20
128,11,2,30,0
129,11,2,25,-5
130,11,2,40,10
131,11,2,5,-25
132,11,2,10,-20
133,11,2,20,-10
134,11,2,15,-15
135,11,2,20,-10
136,11,2,10,-20
137,11,2,20,-10
138,11,2,10,-20
139,11,2,5,-25
140,11,2,15,-15
141,11,2,30,0
142,11,2,20,-10
143,11,2,10,-20
144,11,2,35,5
145,11,2,15,-15
146,11,2,20,-10
147,11,2,15,-15
148,11,2,20,-10
149,11,2,15,-15
150,11,2,15,-15
151,11,2,5,-25
152,11,2,15,-15
153,11,2,15,-15
154,11,2,5,-25
155,11,2,20,-10
156,11,2,15,-15
157,11,2,20,-10
158,11,2,20,-10
159,11,2,20,-10
160,11,2,30,0
161,11,2,25,-5
162,11,2,15,-15
163,11,2,5,-25
164,11,2,15,-15
165,11,2,20,-10
166,11,2,25,-5
167,11,2,15,-15
168,11,2,25,-5
169,11,2,10,-20
170,11,2,25,-5
171,11,2,15,-15
172,11,2,25,-5
173,11,2,25,-5
174,11,2,15,-15
175,11,2,5,-25
176,11,2,10,-20
177,11,2,10,-20
178,11,2,30,0
179,11,2,30,0
180,11,2,15,-15
181,11,2,5,-25
182,11,2,5,-25
183,11,2,25,-5
184,11,2,5,-25
185,11,2,25,-5
186,11,2,5,-25
187,11,2,10,-20
188,11,2,20,-10
189,11,2,25,-5
190,11,2,20,-10
191,11,2,10,-20
192,11,2,20,-10
193,11,2,20,-10
194,11,2,10,-20
195,11,2,20,-10
196,11,2,25,-5
197,11,2,10,-20
198,11,2,10,-20
199,11,2,25,-5
200,11,2,10,-20
201,11,2,20,-10
202,11,2,25,-5
203,11,2,5,-25
204,11,2,30,0
205,11,2,30,0
206,11,2,15,-15
207,11,2,10,-20
208,11,2,20,-10
209,11,2,20,-10
210,11,2,0,-30
211,11,2,10,-20
212,11,2,30,0
213,11,2,10,-20
214,11,2,20,-10
215,11,2,15,-15
216,11,2,30,0
217,11,2,10,-20
218,11,2,20,-10
219,11,2,15,-15
220,11,2,5,-25
221,11,2,25,-5
222,11,2,10,-20
223,11,2,20,-10
224,11,2,10,-20
225,11,2,25,-5
226,11,2,35,5
227,11,2,25,-5
228,11,2,10,-20
229,11,2,10,-20
230,11,2,15,-15
231,11,2,20,-10
232,11,2,15,-15
233,11,2,25,-5
234,11,2,20,-10
235,11,2,10,-20
236,11,2,10,-20
237,11,2,25,-5
238,11,2,10,-20
239,11,2,5,-25
240,11,2,10,-20
241,11,2,15,-15
242,11,2,15,-15
243,11,2,20,-10
244,11,2,15,-15
245,11,2,15,-15
246,11,2,10,-20
247,11,2,20,-10
248,11,2,25,-5
249,11,2,20,-10
250,11,2,15,-15
251,11,2,15,-15
252,11,2,20,-10
253,11,2,25,-5
254,11,2,30,0
255,11,2,20,-10
256,11,2,5,-25
257,11,2,35,5
258,11,2,15,-15
259,11,2,15,-15
260,11,2,25,-5
261,11,2,5,-25
262,11,2,0,-30
263,11,2,20,-10
264,11,2,5,-25
265,11,2,20,-10
266,11,2,20,-10
267,11,2,25,-5
268,11,2,10,-20
269,11,2,10,-20
270,11,2,30,0
271,11,2,30,0
272,11,2,25,-5
273,11,2,25,-5
274,11,2,20,-10
275,11,2,0,-30
276,11,2,25,-5
277,11,2,10,-20
278,11,2,15,-15
279,11,2,10,-20
280,11,2,25,-5
281,11,2,20,-10
282,11,2,15,-15
283,11,2,25,-5
284,11,2,25,-5
285,11,2,20,-10
286,11,2,15,-15
287,11,2,15,-15
288,11,2,15,-15
289,11,2,30,0
290,11,2,15,-15
291,11,2,15,-15
292,11,2,15,-15
293,11,2,25,-5
294,11,2,25,-5
295,11,2,15,-15
296,11,2,5,-25
297,11,2,25,-5
298,11,2,5,-25
299,11,2,30,0
300,11,2,20,-10
301,11,2,30,0
302,11,2,25,-5
303,11,2,15,-15
304,11,2,10,-20
305,11,2,30,0
306,11,2,20,-10
307,11,2,25,-5
308,11,2,30,0
309,11,2,25,-5
310,11,2,15,-15
311,11,2,25,-5
312,11,2,15,-15
313,11,2,15,-15
314,11,2,20,-10
315,11,2,10,-20
316,11,2,10,-20
317,11,2,10,-20
318,11,2,20,-10
319,11,2,10,-20
320,11,2,15,-15
321,11,2,20,-10
322,11,2,20,-10
323,11,2,10,-20
324,11,2,15,-15
325,11,2,10,-20
326,11,2,25,-5
327,11,2,20,-10
328,11,2,15,-15
329,11,2,0,-30
330,11,2,25,-5
331,11,2,10,-20
332,11,2,10,-20
333,11,2,25,-5
334,11,2,5,-25
335,11,2,10,-20
336,11,2,15,-15
337,11,2,5,-25
338,11,2,25,-5
339,11,2,10,-20
340,11,2,25,-5
341,11,2,20,-10
342,11,2,5,-25
343,11,2,25,-5
344,11,2,15,-15
345,11,2,10,-20
346,11,2,15,-15
347,11,2,10,-20
348,11,2,30,0
349,11,2,20,-10
350,11,2,30,0
351,11,2,10,-20
352,11,2,30,0
353,11,2,30,0
354,11,2,20,-10
355,11,2,15,-15
356,11,2,15,-15
357,11,2,5,-25
358,11,2,15,-15
359,11,2,10,-20
360,11,2,25,-5
361,11,2,25,-5
362,11,2,15,-15
363,11,2,25,-5
364,11,2,10,-20
365,11,2,10,-20
366,11,2,10,-20
367,11,2,0,-30
368,11,2,30,0
369,11,2,10,-20
370,11,2,30,0
371,11,2,10,-20
372,11,2,25,-5
373,11,2,0,-30
374,11,2,20,-10
375,11,2,25,-5
376,11,2,25,-5
377,11,2,45,15
378,11,2,20,-10
379,11,2,10,-20
380,11,2,15,-15
381,11,2,5,-25
382,11,2,15,-15
383,11,2,20,-10
384,11,2,5,-25
385,11,2,25,-5
386,11,2,15,-15
387,11,2,10,-20
388,11,2,15,-15
389,11,2,20,-10
390,11,2,40,10
391,11,2,5,-25
392,11,2,10,-20
393,11,2,25,-5
394,11,2,15,-15
395,11,2,20,-10
396,11,2,30,0
397,11,2,35,5
398,11,2,20,-10
399,11,2,15,-15
400,11,2,20,-10
401,11,2,5,-25
402,11,2,15,-15
403,11,2,25,-5
404,11,2,15,-15
405,11,2,20,-10
406,11,2,15,-15
407,11,2,15,-15
408,11,2,10,-20
409,11,2,15,-15
410,11,2,10,-20
411,11,2,15,-15
412,11,2,15,-15
413,11,2,30,0
414,11,2,10,-20
415,11,2,10,-20
416,11,2,25,-5
417,11,2,0,-30
418,11,2,10,-20
419,11,2,15,-15
420,11,2,5,-25
421,11,2,35,5
422,11,2,25,-5
423,11,2,10,-20
424,11,2,40,10
425,11,2,45,15
426,11,2,30,0
427,11,2,25,-5
428,11,2,25,-5
429,11,2,20,-10
430,11,2,20,-10
431,11,2,15,-15
432,11,2,10,-20
433,11,2,30,0
434,11,2,25,-5
435,11,2,20,-10
436,11,2,15,-15
437,11,2,20,-10
438,11,2,20,-10
439,11,2,25,-5
440,11,2,20,-10
441,11,2,20,-10
442,11,2,15,-15
443,11,2,20,-10
444,11,2,10,-20
445,11,2,20,-10
446,11,2,25,-5
447,11,2,25,-5
448,11,2,15,-15
449,11,2,5,-25
450,11,2,10,-20
451,11,2,25,-5
452,11,2,10,-20
453,11,2,30,0
454,11,2,0,-30
455,11,2,5,-25
456,11,2,5,-25
457,11,2,0,-30
458,11,2,35,5
459,11,2,20,-10
460,11,2,10,-20
461,11,2,15,-15
462,11,2,15,-15
463,11,2,30,0
464,11,2,5,-25
465,11,2,5,-25
466,11,2,15,-15
467,11,2,25,-5
468,11,2,20,-10
469,11,2,10,-20
470,11,2,20,-10
471,11,2,15,-15
472,11,2,20,-10
473,11,2,10,-20
474,11,2,5,-25
475,11,2,20,-10
476,11,2,15,-15
477,11,2,10,-20
478,11,2,15,-15
479,11,2,20,-10
480,11,2,25,-5
481,11,2,10,-20
482,11,2,5,-25
483,11,2,15,-15
484,11,2,15,-15
485,11,2,15,-15
486,11,2,10,-20
487,11,2,10,-20
488,11,2,35,5
489,11,2,15,-15
490,11,2,10,-20
491,11,2,10,-20
492,11,2,20,-10
493,11,2,10,-20
494,11,2,10,-20
495,11,2,40,10
496,11,2,30,0
497,11,2,10,-20
498,11,2,25,-5
499,11,2,25,-5
500,11,2,30,0
501,11,2,10,-20
502,11,2,10,-20
503,11,2,15,-15
504,11,2,0,-30
505,11,2,15,-15
506,11,2,15,-15
507,11,2,10,-20
508,11,2,5,-25
509,11,2,25,-5
510,11,2,0,-30
511,11,2,20,-10
512,11,2,15,-15
513,11,2,10,-20
514,11,2,20,-10
515,11,2,5,-25
516,11,2,20,-10
517,11,2,20,-10
518,11,2,35,5
519,11,2,0,-30
520,11,2,20,-10
521,11,2,5,-25
522,11,2,15,-15
523,11,2,20,-10
524,11,2,10,-20
525,11,2,30,0
526,11,2,20,-10
527,11,2,35,5
528,11,2,10,-20
529,11,2,30,0
530,11,2,5,-25
531,11,2,35,5
532,11,2,15,-15
533,11,2,15,-15
534,11,2,15,-15
535,11,2,15,-15
536,11,2,20,-10
537,11,2,5,-25
538,11,2,10,-20
539,11,2,5,-25
540,11,2,30,0
541,11,2,20,-10
542,11,2,15,-15
543,11,2,15,-15
544,11,2,20,-10
545,11,2,5,-25
546,11,2,25,-5
547,11,2,10,-20
548,11,2,30,0
549,11,2,0,-30
550,11,2,10,-20
551,11,2,5,-25
552,11,2,5,-25
553,11,2,35,5
554,11,2,5,-25
555,11,2,15,-15
556,11,2,25,-5
557,11,2,15,-15
558,11,2,10,-20
559,11,2,20,-10
560,11,2,20,-10
561,11,2,15,-15
562,11,2,15,-15
563,11,2,35,5
564,11,2,15,-15
565,11,2,5,-25
566,11,2,35,5
567,11,2,25,-5
568,11,2,5,-25
569,11,2,35,5
570,11,2,15,-15
571,11,2,10,-20
572,11,2,5,-25
573,11,2,10,-20
574,11,2,30,0
575,11,2,35,5
576,11,2,20,-10
577,11,2,10,-20
578,11,2,20,-10
579,11,2,20,-10
580,11,2,20,-10
581,11,2,10,-20
582,11,2,35,5
583,11,2,5,-25
584,11,2,25,-5
585,11,2,25,-5
586,11,2,25,-5
587,11,2,10,-20
588,11,2,20,-10
589,11,2,25,-5
590,11,2,20,-10
591,11,2,30,0
592,11,2,15,-15
593,11,2,10,-20
594,11,2,25,-5
595,11,2,40,10
596,11,2,15,-15
597,11,2,15,-15
598,11,2,0,-30
599,11,2,10,-20
600,11,2,20,-10
601,11,2,10,-20
602,11,2,35,5
603,11,2,30,0
604,11,2,10,-20
605,11,2,15,-15
606,11,2,10,-20
607,11,2,20,-10
608,11,2,25,-5
609,11,2,15,-15
610,11,2,15,-15
611,11,2,30,0
612,11,2,10,-20
613,11,2,10,-20
614,11,2,30,0
615,11,2,5,-25
616,11,2,20,-10
617,11,2,30,0
618,11,2,10,-20
619,11,2,25,-5
620,11,2,15,-15
621,11,2,0,-30
622,11,2,10,-20
623,11,2,0,-30
624,11,2,15,-15
625,11,2,15,-15
626,11,2,0,-30
627,11,2,15,-15
628,11,2,30,0
629,11,2,25,-5
630,11,2,25,-5
631,11,2,30,0
632,11,2,20,-10
633,11,2,25,-5
634,11,2,25,-5
635,11,2,15,-15
636,11,2,30,0
637,11,2,5,-25
638,11,2,30,0
639,11,2,10,-20
640,11,2,25,-5
641,11,2,20,-10
642,11,2,10,-20
643,11,2,20,-10
644,11,2,0,-30
645,11,2,5,-25
646,11,2,20,-10
647,11,2,15,-15
648,11,2,25,-5
649,11,2,0,-30
650,11,2,0,-30
651,11,2,10,-20
652,11,2,20,-10
653,11,2,20,-10
654,11,2,25,-5
655,11,2,20,-10
656,11,2,15,-15
657,11,2,5,-25
658,11,2,30,0
659,11,2,20,-10
660,11,2,30,0
661,11,2,10,-20
662,11,2,15,-15
663,11,2,5,-25
664,11,2,20,-10
665,11,2,25,-5
666,11,2,25,-5
667,11,2,5,-25
668,11,2,5,-25
669,11,2,15,-15
670,11,2,30,0
671,11,2,15,-15
672,11,2,35,5
673,11,2,20,-10
674,11,2,10,-20
675,11,2,5,-25
676,11,2,20,-10
677,11,2,25,-5
678,11,2,25,-5
679,11,2,20,-10
680,11,2,10,-20
681,11,2,15,-15
682,11,2,20,-10
683,11,2,15,-15
684,11,2,20,-10
685,11,2,5,-25
686,11,2,10,-20
687,11,2,30,0
688,11,2,20,-10
689,11,2,10,-20
690,11,2,10,-20
691,11,2,15,-15
692,11,2,10,-20
693,11,2,15,-15
694,11,2,15,-15
695,11,2,25,-5
696,11,2,15,-15
697,11,2,20,-10
698,11,2,35,5
699,11,2,35,5
700,11,2,5,-25
701,11,2,10,-20
702,11,2,15,-15
703,11,2,15,-15
704,11,2,30,0
705,11,2,25,-5
706,11,2,20,-10
707,11,2,10,-20
708,11,2,25,-5
709,11,2,10,-20
710,11,2,10,-20
711,11,2,20,-10
712,11,2,30,0
713,11,2,25,-5
714,11,2,20,-10
715,11,2,10,-20
716,11,2,15,-15
717,11,2,0,-30
718,11,2,20,-10
719,11,2,20,-10
720,11,2,5,-25
721,11,2,5,-25
722,11,2,30,0
723,11,2,15,-15
724,11,2,15,-15
725,11,2,25,-5
726,11,2,15,-15
727,11,2,45,15
728,11,2,10,-20
729,11,2,35,5
730,11,2,5,-25
731,11,2,15,-15
732,11,2,15,-15
733,11,2,10,-20
734,11,2,15,-15
735,11,2,0,-30
736,11,2,20,-10
737,11,2,20,-10
738,11,2,30,0
739,11,2,45,15
740,11,2,10,-20
741,11,2,25,-5
742,11,2,10,-20
743,11,2,15,-15
744,11,2,30,0
745,11,2,10,-20
746,11,2,10,-20
747,11,2,15,-15
748,11,2,15,-15
749,11,2,20,-10
750,11,2,10,-20
751,11,2,10,-20
752,11,2,15,-15
753,11,2,20,-10
754,11,2,15,-15
755,11,2,10,-20
756,11,2,20,-10
757,11,2,15,-15
758,11,2,20,-10
759,11,2,10,-20
760,11,2,15,-15
761,11,2,20,-10
762,11,2,10,-20
763,11,2,10,-20
764,11,2,35,5
765,11,2,20,-10
766,11,2,15,-15
767,11,2,10,-20
768,11,2,20,-10
769,11,2,10,-20
770,11,2,10,-20
771,11,2,5,-25
772,11,2,0,-30
773,11,2,10,-20
774,11,2,15,-15
775,11,2,20,-10
776,11,2,30,0
777,11,2,25,-5
778,11,2,15,-15
779,11,2,25,-5
780,11,2,15,-15
781,11,2,10,-20
782,11,2,5,-25
783,11,2,35,5
784,11,2,30,0
785,11,2,10,-20
786,11,2,20,-10
787,11,2,25,-5
788,11,2,25,-5
789,11,2,10,-20
790,11,2,25,-5
791,11,2,15,-15
792,11,2,10,-20
793,11,2,10,-20
794,11,2,10,-20
795,11,2,20,-10
796,11,2,10,-20
797,11,2,25,-5
798,11,2,25,-5
799,11,2,40,10
800,11,2,20,-10
801,11,2,35,5
802,11,2,5,-25
803,11,2,10,-20
804,11,2,15,-15
805,11,2,15,-15
806,11,2,25,-5
807,11,2,5,-25
808,11,2,15,-15
809,11,2,20,-10
810,11,2,10,-20
811,11,2,20,-10
812,11,2,10,-20
813,11,2,15,-15
814,11,2,10,-20
815,11,2,35,5
816,11,2,10,-20
817,11,2,25,-5
818,11,2,15,-15
819,11,2,15,-15
820,11,2,20,-10
821,11,2,10,-20
822,11,2,5,-25
823,11,2,30,0
824,11,2,20,-10
825,11,2,20,-10
826,11,2,15,-15
827,11,2,5,-25
828,11,2,30,0
829,11,2,10,-20
830,11,2,20,-10
831,11,2,20,-10
832,11,2,20,-10
833,11,2,35,5
834,11,2,25,-5
835,11,2,25,-5
836,11,2,15,-15
837,11,2,25,-5
838,11,2,10,-20
839,11,2,20,-10
840,11,2,45,15
841,11,2,10,-20
842,11,2,10,-20
843,11,2,20,-10
844,11,2,10,-20
845,11,2,10,-20
846,11,2,15,-15
847,11,2,10,-20
848,11,2,10,-20
849,11,2,15,-15
850,11,2,15,-15
851,11,2,30,0
852,11,2,5,-25
853,11,2,30,0
854,11,2,25,-5
855,11,2,40,10
856,11,2,5,-25
857,11,2,20,-10
858,11,2,10,-20
859,11,2,0,-30
860,11,2,35,5
861,11,2,10,-20
862,11,2,10,-20
863,11,2,15,-15
864,11,2,10,-20
865,11,2,5,-25
866,11,2,5,-25
867,11,2,20,-10
868,11,2,20,-10
869,11,2,20,-10
870,11,2,10,-20
871,11,2,10,-20
872,11,2,5,-25
873,11,2,25,-5
874,11,2,20,-10
875,11,2,15,-15
876,11,2,20,-10
877,11,2,5,-25
878,11,2,15,-15
879,11,2,20,-10
880,11,2,15,-15
881,11,2,25,-5
882,11,2,35,5
883,11,2,15,-15
884,11,2,20,-10
885,11,2,25,-5
886,11,2,30,0
887,11,2,25,-5
888,11,2,10,-20
889,11,2,15,-15
890,11,2,30,0
891,11,2,40,10
892,11,2,10,-20
893,11,2,20,-10
894,11,2,15,-15
895,11,2,25,-5
896,11,2,10,-20
897,11,2,20,-10
898,11,2,5,-25
899,11,2,15,-15
900,11,2,0,-30
901,11,2,0,-30
902,11,2,15,-15
903,11,2,20,-10
904,11,2,15,-15
905,11,2,35,5
906,11,2,15,-15
907,11,2,5,-25
908,11,2,15,-15
909,11,2,15,-15
910,11,2,30,0
911,11,2,30,0
912,11,2,20,-10
913,11,2,5,-25
914,11,2,20,-10
915,11,2,5,-25
916,11,2,15,-15
917,11,2,20,-10
918,11,2,25,-5
919,11,2,10,-20
920,11,2,20,-10
921,11,2,35,5
922,11,2,15,-15
923,11,2,5,-25
924,11,2,5,-25
925,11,2,20,-10
926,11,2,15,-15
927,11,2,20,-10
928,11,2,5,-25
929,11,2,5,-25
930,11,2,10,-20
931,11,2,10,-20
932,11,2,10,-20
933,11,2,20,-10
934,11,2,10,-20
935,11,2,10,-20
936,11,2,10,-20
937,11,2,10,-20
938,11,2,25,-5
939,11,2,15,-15
940,11,2,15,-15
941,11,2,5,-25
942,11,2,15,-15
943,11,2,5,-25
944,11,2,10,-20
945,11,2,10,-20
946,11,2,10,-20
947,11,2,10,-20
948,11,2,10,-20
949,11,2,35,5
950,11,2,0,-30
951,11,2,20,-10
952,11,2,0,-30
953,11,2,25,-5
954,11,2,15,-15
955,11,2,15,-15
956,11,2,10,-20
957,11,2,10,-20
958,11,2,15,-15
959,11,2,25,-5
960,11,2,20,-10
961,11,2,10,-20
962,11,2,10,-20
963,11,2,15,-15
964,11,2,15,-15
965,11,2,25,-5
966,11,2,20,-10
967,11,2,5,-25
968,11,2,20,-10
969,11,2,0,-30
970,11,2,5,-25
971,11,2,15,-15
972,11,2,10,-20
973,11,2,15,-15
974,11,2,5,-25
975,11,2,25,-5
976,11,2,15,-15
977,11,2,25,-5
978,11,2,5,-25
979,11,2,25,-5
980,11,2,5,-25
981,11,2,15,-15
982,11,2,15,-15
983,11,2,15,-15
984,11,2,30,0
985,11,2,30,0
986,11,2,20,-10
987,11,2,20,-10
988,11,2,35,5
989,11,2,25,-5
990,11,2,30,0
991,11,2,20,-10
992,11,2,15,-15
993,11,2,20,-10
994,11,2,10,-20
995,11,2,10,-20
996,11,2,10,-20
997,11,2,5,-25
998,11,2,0,-30
999,11,2,15,-15